"Id","UserId","Avatar","Author","Content","Url","ReactionsCount","Depth","SubCommentsCount","CommentAt"
"Y29tbWVudDoxNDUzODgyNjI2NzY4MTUzXzEzNjk5NjU5MzQ5OTcxNjk=","100091976603350","https://scontent.fcgk43-1.fna.fbcdn.net/v/t39.30808-1/347865659_703227698471635_2145105602226803132_n.jpg?stp=cp0_dst-jpg_s32x32_tt6&_nc_cat=102&ccb=1-7&_nc_sid=e99d92&_nc_eui2=AeFlxCuw6a5GgYuOyy-meicBJBMcID3hs-QkExwgPeGz5Gb8nAiKVW4Ll645gWZcGfGoP5-w5e9d3M9dZjDmHyIJ&_nc_ohc=YLYhCOA8J-cQ7kNvwEMAebR&_nc_oc=Adr2Rpmd5c329dolqPynulC8J0I0jRoRgQTJbpdbPgRUcP_NidcnS_GYU1imdWpTvBg&_nc_zt=24&_nc_ht=scontent.fcgk43-1.fna&_nc_gid=LFlsYJ8TbjtwvudFA2Sivw&_nc_ss=7b2a8&oh=00_Af5JPAXkr48ggGUfA_RDgNf1SqdvOBzFEBly69YgL2_mrQ&oe=6A1A1A37","Roh Kas","nah gitu melawan ,baiknya sih fisik lawan fisik","https://www.facebook.com/TirtoID/posts/pfbid02eZCnsA6s7gXx8AZq9t7KLmiC8EMgXXg6zirheujS9oA4uNCjKPCzb21ZdzpJWXUul?comment_id=1369965934997169","0","0","0","05/25/2026 19:19:09"
"Y29tbWVudDoxNDUzODgyNjI2NzY4MTUzXzE5NTg0MTQ4NzgyMTI4OTc=","100040461306333","https://scontent.fcgk43-1.fna.fbcdn.net/v/t39.30808-1/677100951_1696617045030323_7221450255584645728_n.jpg?stp=cp0_dst-jpg_s32x32_tt6&_nc_cat=103&ccb=1-7&_nc_sid=1d2534&_nc_eui2=AeGRauZ3a2GIJB4_64w96SMZcauOaFC_ge1xq45oUL-B7YEOQS3_XnX2a3zwiuNx1IPbrNlB69sMg8bi-Pqj9MgE&_nc_ohc=dtBFNGXtPccQ7kNvwEKPTw0&_nc_oc=AdptFILcLG2LE0yCXxq4e2XAbKYZut6thcJT0ZFV3clWnOM-3wxLNnbVKUM1veRrG7A&_nc_zt=24&_nc_ht=scontent.fcgk43-1.fna&_nc_gid=LFlsYJ8TbjtwvudFA2Sivw&_nc_ss=7b2a8&oh=00_Af7fKlnI6RR5u2jy26XfOSAXfe3rC0EHZ8Y8q-gXoWYKcw&oe=6A1A0ED8","MJ Rahardjo","BUWAHAHAHA

Orang-orang seperti ini menguntungkan berbagai media di Indonesia, karena ada bahan untuk diberitakan.

Yang tidak banyak disadari oleh kebanyakan orang, berbagai pemilik platform medsos juga bakal kebanjiran cuan, karena engagement para users meningkat tajam. Padahal para pemilik berbagai platform medsos itu dimiliki secara langsung atau tidak langsung oleh pengusaha Yahudi  atau berbagai perusahaan raksasa Israel.

Mungkin mereka itu sebenarnya agen Mossad?
🤣

MJR","https://www.facebook.com/TirtoID/posts/pfbid02eZCnsA6s7gXx8AZq9t7KLmiC8EMgXXg6zirheujS9oA4uNCjKPCzb21ZdzpJWXUul?comment_id=1958414878212897","0","0","0","05/25/2026 18:49:14"
"Y29tbWVudDoxNDUzODgyNjI2NzY4MTUzXzIwNTA3Mjc0MTU1MTEzNTQ=","100000669115523","https://scontent.fcgk43-1.fna.fbcdn.net/v/t39.30808-1/600448006_26213642708241342_2249424866618770468_n.jpg?stp=cp0_dst-jpg_s32x32_tt6&_nc_cat=109&ccb=1-7&_nc_sid=e99d92&_nc_eui2=AeHEljax4CS9mRbPe3iM6cTkZ-j7ZhdGVlVn6PtmF0ZWVZjysrylRZVCEHxLMASAw4AQeCR3E2fnQs4gttuYp_pv&_nc_ohc=xJB_kxjxHo4Q7kNvwEjjTW7&_nc_oc=AdrOzCJb4g-ghOm9i-vpieZ81x7vGFb24tedamtmJmFz8Mq6T0MRmcotrImK7oCzAqA&_nc_zt=24&_nc_ht=scontent.fcgk43-1.fna&_nc_gid=LFlsYJ8TbjtwvudFA2Sivw&_nc_ss=7b2a8&oh=00_Af6Tak6oGu7i3GA6Vw0txFwvRfjueZhw0JguRoCg-vNYqg&oe=6A1A12DC","Drs Banuasi Simamora","https://external.fcgk43-1.fna.fbcdn.net/emg1/v/t13/10257710618964457597?url=https%3A%2F%2Fmedia2.giphy.com%2Fmedia%2F29HRejgahYenVsohB5%2Fgiphy.gif%3Fcid%3D120c0147iff46s1pzonf2ch8c1zcj806q71e1tafny4zmuo5%26rid%3Dgiphy.gif&fb_obo=1&utld=giphy.com&stp=dst-emg0_q75_s360x360_tt6&_nc_gid=LFlsYJ8TbjtwvudFA2Sivw&_nc_eui2=AeHaRF_mjLcQogZLvwoHnwC0xjpe4WcQM4fGOl7hZxAzhwCfDsq6plm0qTsZjxArVipGlxIhvr5Sax0pFSby6Ept&_nc_oc=Adp1VKywovhi0BiHZjn3qcxp-zp7vWR7HHPdmDnaAUWkrHYJMy4MjKNAz8pkKV6lhrM&ccb=13-1&oh=06_Q3-_AZg_f_iYxMTcsRjZJsdPbrB5VVSj_KsaaidxYQg0L3Gl&oe=6A162E92&_nc_sid=c97757","https://www.facebook.com/TirtoID/posts/pfbid02eZCnsA6s7gXx8AZq9t7KLmiC8EMgXXg6zirheujS9oA4uNCjKPCzb21ZdzpJWXUul?comment_id=2050727415511354","0","0","0","05/25/2026 18:13:52"
"Y29tbWVudDoxNDUzODgyNjI2NzY4MTUzXzgzNzA3ODkwOTQ1NTcwNw==","100063211351539","https://scontent.fcgk43-1.fna.fbcdn.net/v/t39.30808-1/458111915_820962253354146_7829705897402823131_n.jpg?stp=cp0_dst-jpg_s32x32_tt6&_nc_cat=106&ccb=1-7&_nc_sid=e99d92&_nc_eui2=AeFp2SSXiV1XigUTkg4MRAgTJn0rv6lhjeQmfSu_qWGN5F9PWcoBIL6UUIOma2m8hwobcS71TP7Pna82hdptaslD&_nc_ohc=wLLa2vpyAE4Q7kNvwECteQT&_nc_oc=AdpHCGPOStdzHuIOwl4RCYEAcV7UfIJYdMK37FzceDAkXzyByP9hmrPf-m9vXGrOxQA&_nc_zt=24&_nc_ht=scontent.fcgk43-1.fna&_nc_gid=LFlsYJ8TbjtwvudFA2Sivw&_nc_ss=7b2a8&oh=00_Af6eozRENoc8xNNwcs4IiLolMQVtvGgABXdKPaOG_L-aqQ&oe=6A1A38D0","Pola Siwa","Heran ya mereka..","https://www.facebook.com/TirtoID/posts/pfbid02eZCnsA6s7gXx8AZq9t7KLmiC8EMgXXg6zirheujS9oA4uNCjKPCzb21ZdzpJWXUul?comment_id=837078909455707","0","0","0","05/25/2026 17:06:24"
"Y29tbWVudDoxNDUzODgyNjI2NzY4MTUzXzk4NzIyMTcwMDY5ODk1OQ==","100000575242911","https://scontent.fcgk43-1.fna.fbcdn.net/v/t39.30808-1/483782092_23956997593902747_820937918601121039_n.jpg?stp=cp0_dst-jpg_s32x32_tt6&_nc_cat=104&ccb=1-7&_nc_sid=e99d92&_nc_eui2=AeGKKpBiNOlVBrYtMHTsnr8zwRMrS4bCki7BEytLhsKSLj7IgUSpRHUraIH9h2Kvy4hjCv3gae4fLEXB3QucVp1o&_nc_ohc=92-4rSQnvQEQ7kNvwEz_QBc&_nc_oc=AdrvYnv4dY2w9JwmjgMp_yRCEktwnvGFrmJYA_8yPadDyXQrQ5zkUlJarIyMhY3ua5c&_nc_zt=24&_nc_ht=scontent.fcgk43-1.fna&_nc_gid=LFlsYJ8TbjtwvudFA2Sivw&_nc_ss=7b2a8&oh=00_Af79omU3uRPWxJf7gT7hm1g2xN6M4CvazWEl9XzsPCRoKg&oe=6A1A12A2","Hac Ker","Jangan lupa kondom","https://www.facebook.com/TirtoID/posts/pfbid02eZCnsA6s7gXx8AZq9t7KLmiC8EMgXXg6zirheujS9oA4uNCjKPCzb21ZdzpJWXUul?comment_id=987221700698959","0","0","0","05/25/2026 17:05:25"
"Y29tbWVudDoxNDUzODgyNjI2NzY4MTUzXzEwMjczODQxNzk5NjY0MDI=","100026249088133","https://scontent.fcgk43-1.fna.fbcdn.net/v/t39.30808-1/538285972_1763195271232092_8215236634260518749_n.jpg?stp=c0.96.720.720a_cp0_dst-jpg_s32x32_tt6&_nc_cat=107&ccb=1-7&_nc_sid=1d2534&_nc_eui2=AeGY04yyGBFIZlt2Gbtw8CPUSz_AxuoQEdBLP8DG6hAR0IyGg0c4y78dQWjrJ-XwJDZ8TCubdLiUZEoE22hhPdJ9&_nc_ohc=VwweGfnnARgQ7kNvwFHNVE3&_nc_oc=Adqyv0p2juWx4wUA3_f18lhneLGR2KQgg9lepAHGBMKAHsFEw7kRbFFDds2Gskd8psA&_nc_zt=24&_nc_ht=scontent.fcgk43-1.fna&_nc_gid=LFlsYJ8TbjtwvudFA2Sivw&_nc_ss=7b2a8&oh=00_Af7ZIiJw2iaaBgzC9W3WTBFJQ03IlQK83qEwKRNEXUx1jw&oe=6A1A3854","Ambold RHy","Sok jago pas kena tangkap,, merengek  ke negara  ,,","https://www.facebook.com/TirtoID/posts/pfbid02eZCnsA6s7gXx8AZq9t7KLmiC8EMgXXg6zirheujS9oA4uNCjKPCzb21ZdzpJWXUul?comment_id=1027384179966402","0","0","0","05/25/2026 17:00:13"
"Y29tbWVudDoxNDUzODgyNjI2NzY4MTUzXzE3MTk5NzQ4NjkzNTY1NDE=","100009751564261","https://scontent.fcgk43-1.fna.fbcdn.net/v/t39.30808-1/661794993_2738898106445215_7387390147450596861_n.jpg?stp=cp0_dst-jpg_s32x32_tt6&_nc_cat=105&ccb=1-7&_nc_sid=1d2534&_nc_eui2=AeH-2AooB8X5x9fzux73SJ8Ab2QJOdSmgbVvZAk51KaBtdqxCaGqPpgm-zpZijB8KziYSikurYyqxKzvLaCL3eum&_nc_ohc=8TIY4K8oB5wQ7kNvwG0uJQz&_nc_oc=AdrM5fKwYRWYJxFZepxzrRDWKDFZuAmc8R9VvTVpEApiVgaYY4hiaCesZUp3j9sYjXU&_nc_zt=24&_nc_ht=scontent.fcgk43-1.fna&_nc_gid=LFlsYJ8TbjtwvudFA2Sivw&_nc_ss=7b2a8&oh=00_Af5mWhrG4DisJDv15DeVRlifFnZoiIZul1on3pGT58OnMg&oe=6A1A09CC","Ayahe Opet Cipenk","Jauh2 sok jihad tetangga loe kelaparan diam ajenx","https://www.facebook.com/TirtoID/posts/pfbid02eZCnsA6s7gXx8AZq9t7KLmiC8EMgXXg6zirheujS9oA4uNCjKPCzb21ZdzpJWXUul?comment_id=1719974869356541","0","0","0","05/25/2026 16:44:35"
"Y29tbWVudDoxNDUzODgyNjI2NzY4MTUzXzEwNDA3NTI2MjUxNDI5Nzc=","1416397464","https://scontent.fcgk43-1.fna.fbcdn.net/v/t1.6435-1/141421833_10219863678048476_5343341570839255682_n.jpg?stp=cp0_dst-jpg_s32x32_tt6&_nc_cat=104&ccb=1-7&_nc_sid=e99d92&_nc_eui2=AeFwgHlu2IFkM1GCiw_opVZamhkTAk2-3U-aGRMCTb7dT-B_sV42-Sq2K7oTSZAvLZkQbKNO5pA_3xTpkG0Eqtyg&_nc_ohc=6i1is20KFO4Q7kNvwE_FvvE&_nc_oc=AdqEKTlaqtlrsPPH6qiuyTdTeUF4l-5BTCUA7wOM0HsxQ6_n_cEAZ2m3u2JK9O6SUQI&_nc_zt=24&_nc_ht=scontent.fcgk43-1.fna&_nc_gid=LFlsYJ8TbjtwvudFA2Sivw&_nc_ss=7b2a8&oh=00_Af6vXTjH2aAQXwnwiJlhKa0eOHbBfQRhwVUuQAHCQljL_w&oe=6A3BC970","Samuel Kyle Karwur","Ngelawak ya...

https://scontent.fcgk43-1.fna.fbcdn.net/v/t39.1997-6/557601154_31772489432395191_7143803421923591879_n.webp?_nc_cat=100&ccb=1-7&_nc_sid=72b077&_nc_eui2=AeEkN6d9OEUmpInaJWi0FAFuqxcOtHxTloSrFw60fFOWhCmy-HSzPp8xRChGqbCZorKYUwVac9fvPlSAF2-aZj9X&_nc_ohc=1Zo9fAWXiUIQ7kNvwFB-wdx&_nc_oc=AdrF-qC7smu-NXrEpQ5ttnTVGLAEIBA6rHF5VfeqY2E0geAa-f1Az0nurqHyqaNpIUA&_nc_zt=26&_nc_ht=scontent.fcgk43-1.fna&_nc_gid=LFlsYJ8TbjtwvudFA2Sivw&_nc_ss=7b2a8&oh=00_Af5g1J0EwfwczHisTddoc6y3A169N5bjDjzbJkXwB4ptFA&oe=6A1A25F1","https://www.facebook.com/TirtoID/posts/pfbid02eZCnsA6s7gXx8AZq9t7KLmiC8EMgXXg6zirheujS9oA4uNCjKPCzb21ZdzpJWXUul?comment_id=1040752625142977","0","0","0","05/25/2026 16:19:08"
"Y29tbWVudDoxNDUzODgyNjI2NzY4MTUzXzE0NTI4MTM5MDMxNzk3NDE=","100013143006786","https://scontent.fcgk43-1.fna.fbcdn.net/v/t1.6435-1/70423721_762242430890517_8905635849559867392_n.jpg?stp=c0.105.480.480a_cp0_dst-jpg_s32x32_tt6&_nc_cat=107&ccb=1-7&_nc_sid=1d2534&_nc_eui2=AeH3u_RL88BFxSNbnuKo6H-FMhcfofKpwFMyFx-h8qnAU5d68SJkNWhzZ1_qL76pMge3HD-t4siUWGz5pJf90FR8&_nc_ohc=CVwaNXkNvegQ7kNvwFliQt4&_nc_oc=AdoTjjEj5m-710TSANwgFVxwtPXcSrONfUzdSHfzOMNMwMesK4zLBTL6GqHArc49Zj8&_nc_zt=24&_nc_ht=scontent.fcgk43-1.fna&_nc_gid=LFlsYJ8TbjtwvudFA2Sivw&_nc_ss=7b2a8&oh=00_Af69Gn6YL_vcJzGFZQ0I3jEmVyDLxfrjAneCWczem3XI1g&oe=6A3BCB85","Mcp","Kode FONASI

https://scontent.fcgk43-1.fna.fbcdn.net/v/t39.1997-6/585404007_1156970703083238_8325303220801050133_n.png?stp=dst-png_s168x128&_nc_cat=101&ccb=1-7&_nc_sid=23dd7b&_nc_eui2=AeFKRxB05SL7AxlpPAwGfppWRxbREcdz1WNHFtERx3PVY8YIshsiYLEwY1F8aKeWZS794Ax1Qxifkl0vcbUnUw3h&_nc_ohc=i0pJUnKEyDUQ7kNvwHJxnWb&_nc_oc=AdppH9-TASEzK7rNnChT-SWUDXnV-DGIMoo3F5h89wgsO_2zYRN6f1yPRuGUf2yzeBY&_nc_zt=26&_nc_ht=scontent.fcgk43-1.fna&_nc_gid=LFlsYJ8TbjtwvudFA2Sivw&_nc_ss=7b2a8&oh=00_Af46NqCAw_HRC499XiHSvVTNZ70H3vUa7shV3Nemd5Naog&oe=6A1A32E6","https://www.facebook.com/TirtoID/posts/pfbid02eZCnsA6s7gXx8AZq9t7KLmiC8EMgXXg6zirheujS9oA4uNCjKPCzb21ZdzpJWXUul?comment_id=1452813903179741","0","0","0","05/25/2026 16:16:26"
"Y29tbWVudDoxNDUzODgyNjI2NzY4MTUzXzE1MzA3NjU5NjUzNDY0MDE=","100007957719172","https://scontent.fcgk43-1.fna.fbcdn.net/v/t39.30808-1/347092799_1699385453986777_6401674674208065546_n.jpg?stp=cp0_dst-jpg_s32x32_tt6&_nc_cat=105&ccb=1-7&_nc_sid=e99d92&_nc_eui2=AeFz-GDGarDRtkBEBfufPlVOKU8hvO6-2B8pTyG87r7YH_rQv_UyuN6JemCXhCvDb-BXfzGjqcP8MAnZshXugpXQ&_nc_ohc=6Zv5zzsbAPAQ7kNvwHnCcVs&_nc_oc=AdoQjwq49udqMLCauJ7I3lR7-TvH7iFpQxkufIhUd4mrXL-G8XQQ9Oos6tCJyiy8MZc&_nc_zt=24&_nc_ht=scontent.fcgk43-1.fna&_nc_gid=LFlsYJ8TbjtwvudFA2Sivw&_nc_ss=7b2a8&oh=00_Af6CgdLYWVI2n_MwRa_rTzytlBZmsGZlot_VCiBl2VknJQ&oe=6A1A1F16","Christiano Simbala","Ketawa aja

https://scontent.fcgk43-1.fna.fbcdn.net/v/t39.1997-6/106823040_953856961743328_2605604044035726523_n.png?stp=cp0_dst-png_s110x80&_nc_cat=1&ccb=1-7&_nc_sid=23dd7b&_nc_eui2=AeFb79OUC-u-SrxpZKdOQIbt3BQOoHLms0PcFA6gcuazQ1WhZdCrO7wb60rPr8UdxMF19DEvngI8qlZCwsPIHOuq&_nc_ohc=10KGGR0OkvQQ7kNvwGynB1G&_nc_oc=AdqL_bS93WjO3FpmD7_z13NZKSzFV1OdziSW800KqXtxurmYbweA5inbzR4B7aGoJTg&_nc_zt=26&_nc_ht=scontent.fcgk43-1.fna&_nc_gid=LFlsYJ8TbjtwvudFA2Sivw&_nc_ss=7b2a8&oh=00_Af5lzf_ScXo26b_O-b5lQhiiWHk_Mg287nVaB55e0hCcqw&oe=6A1A3505","https://www.facebook.com/TirtoID/posts/pfbid02eZCnsA6s7gXx8AZq9t7KLmiC8EMgXXg6zirheujS9oA4uNCjKPCzb21ZdzpJWXUul?comment_id=1530765965346401","1","0","0","05/25/2026 16:13:10"
"Y29tbWVudDoxNDUzODgyNjI2NzY4MTUzXzEwMDA4MDg3NDkxMjE5NTI=","61589399249613","https://scontent.fcgk43-1.fna.fbcdn.net/v/t39.30808-1/700431020_122102534733313308_7113242696905668185_n.jpg?stp=c0.0.736.736a_cp0_dst-jpg_s32x32_tt6&_nc_cat=107&ccb=1-7&_nc_sid=e99d92&_nc_eui2=AeHRR9g9rN0PeIZ9eQoYO3baoAo2wyKN2V2gCjbDIo3ZXcRSiZjui6V_Y03MP5CfLfgqdE19VytXpxMi5pqBI312&_nc_ohc=dmGCbW0_NDEQ7kNvwHXz6qc&_nc_oc=Adop082Jq8fb-Oe7dMYTGMZ9wFqXVB00qpBHe67YaQY-9xQ9Q9wBmRIn4CtibEMzjdU&_nc_zt=24&_nc_ht=scontent.fcgk43-1.fna&_nc_gid=eqOLmjEgdrODo5Iqn2SKew&_nc_ss=7b2a8&oh=00_Af6QMJTiokSV1u3clFon5PuQ6X4Xx7Bam0PCm5G7wlfy_A&oe=6A1A0E86","Abi Sarh Ben Walled","Ini pengalihan isyu terhadap arah donasi kemanusiaan di arahkan kemana saja dan siapa yang menerimanya. Ini pangalihan publik bagi donatur dan masyarakat sipil yang telah memberikan bantuan donasi kepada rakyat Palestina.
Memangnya di dengar oleh Israel... ??? Atau memangnya di takuti oleh Israel...??? Mimpi kali, sedangkan sekelas Organisasi Besar Dunia saja seperti PBB, UNI EROPA, LIGA ARAB, NATO, OKI, OIC, DAN ASEAN saja tidak pernah mereka gubris dan mereka tidak pernah dengar kecaman, resolusi dan permintaan gencatan senjatanya, apalagi cuma sekelas kalian, yang skop gerakannya hanya sebatas di Indonesia, jangankan di dengar mungkin di anggap suara gosip masyarakat biasa saja. Liga Arab dan OKI saja bungkammmmm, tidak berkutik sama sekali, Apalagi kalian.....Siapa kalian  bagi Israel..... ???  Kalian itu hanya di anggap kecoa dan tikus ruma saja....🙏🙏🙏","https://www.facebook.com/TirtoID/posts/pfbid02eZCnsA6s7gXx8AZq9t7KLmiC8EMgXXg6zirheujS9oA4uNCjKPCzb21ZdzpJWXUul?comment_id=1000808749121952","0","0","0","05/25/2026 15:59:55"
"Y29tbWVudDoxNDUzODgyNjI2NzY4MTUzXzIxOTEyMDYwNjQ5ODY0MDY=","61557989817455","https://scontent.fcgk43-1.fna.fbcdn.net/v/t39.30808-1/701302028_122252645930266327_5690497295714249606_n.jpg?stp=cp0_dst-jpg_s32x32_tt6&_nc_cat=102&ccb=1-7&_nc_sid=e99d92&_nc_eui2=AeHnMFLVV0aqnO8s1KDZgRhJeSk0AAAFPwd5KTQAAAU_B_3ubH6wbCW0KwcqApy6KYXSDt3bcvVFIZz9bbWxuVP_&_nc_ohc=RJEmwVzugSgQ7kNvwHDGGgA&_nc_oc=AdrI4Nz7pj2BBjPoq8-N00jhgNGqudVmC9nsgTwkhtmVNuF5MIvpdh0X5V5B0fY67AA&_nc_zt=24&_nc_ht=scontent.fcgk43-1.fna&_nc_gid=eqOLmjEgdrODo5Iqn2SKew&_nc_ss=7b2a8&oh=00_Af5t1GP65LPfURw1FlnktmLuBDVfzqy8ssPGnO8gHXWMGQ&oe=6A1A3EB8","Oncho Oncho","Lucu
PBB aj mereka Tdk takut 🤣","https://www.facebook.com/TirtoID/posts/pfbid02eZCnsA6s7gXx8AZq9t7KLmiC8EMgXXg6zirheujS9oA4uNCjKPCzb21ZdzpJWXUul?comment_id=2191206064986406","0","0","0","05/25/2026 15:42:12"
"Y29tbWVudDoxNDUzODgyNjI2NzY4MTUzXzE0MjE1MTU3MDY2ODQ5MTY=","100002531060349","https://scontent.fcgk43-1.fna.fbcdn.net/v/t39.30808-1/324560973_692887335950711_319205865546576744_n.jpg?stp=cp0_dst-jpg_s32x32_tt6&_nc_cat=107&ccb=1-7&_nc_sid=e99d92&_nc_eui2=AeEoiErbeqg7RzljfaSS-KhVr6C11YF96lGvoLXVgX3qUUEn3_1FJWgrfshLqY_cz4Hb-3IJEEVrXzvvU04FZkvg&_nc_ohc=Q0hQwFHFk_0Q7kNvwFt_hGt&_nc_oc=AdrLlb9w4iqVuWUVKEpJZr6EFA9r9p8jQ9LH276kep3TZgTA324r5n5OEfNCvy1q6Zg&_nc_zt=24&_nc_ht=scontent.fcgk43-1.fna&_nc_gid=eqOLmjEgdrODo5Iqn2SKew&_nc_ss=7b2a8&oh=00_Af7iXa6MgKrNctsKSpTcknMEfqy0zxv_Y5uXhkbP8DfIEw&oe=6A1A19C8","Teady Armand","Membeka ham bangsa asing ehh vangsa sendiri hak2nya dikebiri..","https://www.facebook.com/TirtoID/posts/pfbid02eZCnsA6s7gXx8AZq9t7KLmiC8EMgXXg6zirheujS9oA4uNCjKPCzb21ZdzpJWXUul?comment_id=1421515706684916","1","0","0","05/25/2026 14:56:06"
"Y29tbWVudDoxNDUzODgyNjI2NzY4MTUzXzIxNjk5NzYwODA0MzQxMjQ=","100000769307179","https://scontent.fcgk43-1.fna.fbcdn.net/v/t39.30808-1/539682120_24549060811369555_1433548402137424331_n.jpg?stp=c0.0.1080.1080a_cp0_dst-jpg_s32x32_tt6&_nc_cat=106&ccb=1-7&_nc_sid=1d2534&_nc_eui2=AeEYQYI3fLbKZL9sWdfhMKVbWvhzNu68ESBa-HM27rwRIHpOq51gd8PAtKNsRltlIY1GyE_Qi1njdDVcUYKdeBiX&_nc_ohc=jxTq6lwwTEQQ7kNvwFCaSy7&_nc_oc=AdqFPVZMFp0AvdZ109sO57gWfTHsDgXDk1GYyJLpCuW8ci4hh-zHvNYCqoDv2Lbp6J4&_nc_zt=24&_nc_ht=scontent.fcgk43-1.fna&_nc_gid=eqOLmjEgdrODo5Iqn2SKew&_nc_ss=7b2a8&oh=00_Af5TL3y8D1JVYlNZNcB3gbkTGfmXr7T0sBVhcPpMSQhp1w&oe=6A1A35F9","Lalu Yuditya Banjarsena","https://scontent.fcgk43-1.fna.fbcdn.net/v/t39.1997-6/118211260_659965514618313_1559572347261946985_n.png?stp=cp0_dst-png_s110x80&_nc_cat=1&ccb=1-7&_nc_sid=23dd7b&_nc_eui2=AeFPEv3Ej6oRlGYVXezffI0A5XXJUeTgJn7ldclR5OAmfmaooF3wViac7fWNnxgZM_1FhjXcVXltvFoM_WByKBi_&_nc_ohc=4HFiwMzZsT8Q7kNvwG4ycVu&_nc_oc=AdpHN_K9oAwcqWsUq4-geyx5TZR75qJ_IqCNz6gjV6peW6KKdQ6ea8cPk3ApzZ3hJjs&_nc_zt=26&_nc_ht=scontent.fcgk43-1.fna&_nc_gid=eqOLmjEgdrODo5Iqn2SKew&_nc_ss=7b2a8&oh=00_Af5h0nJY-A60r6tSj7BT8urnnH0V28kHKWvcr0hsx1Ih7w&oe=6A1A1DD0","https://www.facebook.com/TirtoID/posts/pfbid02eZCnsA6s7gXx8AZq9t7KLmiC8EMgXXg6zirheujS9oA4uNCjKPCzb21ZdzpJWXUul?comment_id=2169976080434124","0","0","0","05/25/2026 14:41:12"
"Y29tbWVudDoxNDUzODgyNjI2NzY4MTUzXzExNzk4MTI4ODA5MDAwNTQ=","1299687413","https://scontent.fcgk43-1.fna.fbcdn.net/v/t39.30808-1/451314954_10223952371099356_8875102945236778421_n.jpg?stp=cp0_dst-jpg_s32x32_tt6&_nc_cat=100&ccb=1-7&_nc_sid=e99d92&_nc_eui2=AeEdKZ9Ok_WJJwt0OOSfBH45oBwJVZCswBagHAlVkKzAFqZOQrACiEVheV26ohZN0gz_5NOU1Gv2FgJtpzJuJEfG&_nc_ohc=ndA83dhD7F0Q7kNvwHnF_L-&_nc_oc=AdoU64Z1f2aMBPW1hlxiotQbbkqH33cWrWqTk1cJv1fcmUaiIkQ2gQc1TrbojWzRGRI&_nc_zt=24&_nc_ht=scontent.fcgk43-1.fna&_nc_gid=eqOLmjEgdrODo5Iqn2SKew&_nc_ss=7b2a8&oh=00_Af6Vd1RlL9m4AzYwypeO7ny88GFSGwhlvsqalhMO6MLIIg&oe=6A1A1E95","Nasruddin Djinamli","Ngelawak👍","https://www.facebook.com/TirtoID/posts/pfbid02eZCnsA6s7gXx8AZq9t7KLmiC8EMgXXg6zirheujS9oA4uNCjKPCzb21ZdzpJWXUul?comment_id=1179812880900054","0","0","0","05/25/2026 14:14:22"
"Y29tbWVudDoxNDUzODgyNjI2NzY4MTUzXzE1MTEzMjg1MzAyMTMxNTY=","100071106524546","https://scontent.fcgk43-1.fna.fbcdn.net/v/t39.30808-1/224519924_105285321851685_7843086514196567089_n.jpg?stp=cp0_dst-jpg_s32x32_tt6&_nc_cat=106&ccb=1-7&_nc_sid=e99d92&_nc_eui2=AeFKogdmwnBSEP7AFCLnmSIuiN2c3VtEELyI3ZzdW0QQvJO4JwDPZJjtDBHMibf3d5qVThA7V5p280yxZay6F8_1&_nc_ohc=WRxK5OQC_ZoQ7kNvwHIpNgn&_nc_oc=AdoBfL4gbzsoTnr0UpwnCwZhMviZYCc2BR7XKL1pinJNfaelo31LAxYPZlI31bqAirg&_nc_zt=24&_nc_ht=scontent.fcgk43-1.fna&_nc_gid=eqOLmjEgdrODo5Iqn2SKew&_nc_ss=7b2a8&oh=00_Af5HQqrj_hwoSDTsD9hqhqYptqyyq3PsyeRN3MD8HrUDqQ&oe=6A1A0798","Benaya","Minta donasi utk ngurus ngongkos ke Belanda ke Makamah Internasional.","https://www.facebook.com/TirtoID/posts/pfbid02eZCnsA6s7gXx8AZq9t7KLmiC8EMgXXg6zirheujS9oA4uNCjKPCzb21ZdzpJWXUul?comment_id=1511328530213156","1","0","1","05/25/2026 13:53:45"
"Y29tbWVudDoxNDUzODgyNjI2NzY4MTUzXzE0MzE3NTk4MzIzMTgwNTU=","100006362736869","https://scontent.fcgk43-1.fna.fbcdn.net/v/t39.30808-1/449771993_3658688474353208_7104480189253741993_n.jpg?stp=cp0_dst-jpg_s32x32_tt6&_nc_cat=109&ccb=1-7&_nc_sid=e99d92&_nc_eui2=AeFy0TYBwCwwZ8qbwNG-7SFUArawnnG9VbQCtrCecb1VtIUgomEt9kWjrNlw6NvTT8seHevBAwNYHCWajGeX5ikT&_nc_ohc=ix3N728q7poQ7kNvwGCVtGT&_nc_oc=Ado-ArOf3fKUKB_9MdJOihl5AERWWbQFOAAwOZrKB2IDaj1Ff_Nzaqj2iXhTu67wTw0&_nc_zt=24&_nc_ht=scontent.fcgk43-1.fna&_nc_gid=E9w_wgWBQWDnG-JZPUQdcA&_nc_ss=7b2a8&oh=00_Af7TUfOZO-f0TsI3QwmXpTYcgZeD4vYR5SoEmGDBnvtt9Q&oe=6A1A3947","Priskiela Tako","-Benaya biar bisa jalan² ke Belanda, biar bisa liat suasana Eropa, kesian nihh para pemain sinetron Pinokio 🤥🤥🤥🤥","https://www.facebook.com/TirtoID/posts/pfbid02eZCnsA6s7gXx8AZq9t7KLmiC8EMgXXg6zirheujS9oA4uNCjKPCzb21ZdzpJWXUul?comment_id=1511328530213156&reply_comment_id=1431759832318055","0","1","0","05/25/2026 16:16:40"
"Y29tbWVudDoxNDUzODgyNjI2NzY4MTUzXzgyNTkzMTI2NjkyOTQwNg==","61564457831694","https://scontent.fcgk43-1.fna.fbcdn.net/v/t39.30808-1/605168135_122191565792481927_3237627953943676833_n.jpg?stp=c7.0.705.705a_cp0_dst-jpg_s32x32_tt6&_nc_cat=104&ccb=1-7&_nc_sid=e99d92&_nc_eui2=AeEZdUT2KsZVnxLq2oIDQX8knkv6FtYIOqOeS_oW1gg6oxD1Cz-99jBOIR5L0Wsh0cGiMT2SkRqN9VLdgf0ioBP6&_nc_ohc=LTQ38LElljMQ7kNvwEyrd7h&_nc_oc=AdpsVWl9RyoXJvr4y55VNz5jGpKf1JFtBtEdP-KgAOhdQbzDzZUQjCsYCOGSiSe8cCU&_nc_zt=24&_nc_ht=scontent.fcgk43-1.fna&_nc_gid=eqOLmjEgdrODo5Iqn2SKew&_nc_ss=7b2a8&oh=00_Af7XYdbPqbVUMpsNcdmCwXHOOD6p-Il9fcphceBu3dCiDw&oe=6A1A2D52","Piter Van","Kontol. Bersyukurla kamu kepada Tuhanmu msh dikasih hidup sama israel","https://www.facebook.com/TirtoID/posts/pfbid02eZCnsA6s7gXx8AZq9t7KLmiC8EMgXXg6zirheujS9oA4uNCjKPCzb21ZdzpJWXUul?comment_id=825931266929406","0","0","0","05/25/2026 13:48:21"
"Y29tbWVudDoxNDUzODgyNjI2NzY4MTUzXzIwNzE2MzQwMDAwNjE4OTY=","100006961727980","https://scontent.fcgk43-1.fna.fbcdn.net/v/t39.30808-1/475277116_3890118701230149_2248270576633982332_n.jpg?stp=cp0_dst-jpg_s32x32_tt6&_nc_cat=102&ccb=1-7&_nc_sid=e99d92&_nc_eui2=AeEcSarRxYKBFHec1chNYqVf_WTGA0kCFTb9ZMYDSQIVNmHn-2njTqMqOFm0zPviGQ0iGKZuXZAWhjf14f0yukMS&_nc_ohc=BXlEnLAQo_wQ7kNvwFq0qej&_nc_oc=Adq0oZlOT_E26mXFrdBv8Gnn67x3XOWSMbS9ZbYQ6ggHMERquV7Yx5Uc-Zo8uXFGwBo&_nc_zt=24&_nc_ht=scontent.fcgk43-1.fna&_nc_gid=eqOLmjEgdrODo5Iqn2SKew&_nc_ss=7b2a8&oh=00_Af6o-YL3JYQeIiGmWQdKVZfew_ummftxirQpiqspgqTU-g&oe=6A1A2C85","Hengky Jokhu","https://scontent.fcgk43-1.fna.fbcdn.net/v/t39.1997-6/106823040_953856961743328_2605604044035726523_n.png?stp=cp0_dst-png_s110x80&_nc_cat=1&ccb=1-7&_nc_sid=23dd7b&_nc_eui2=AeFb79OUC-u-SrxpZKdOQIbt3BQOoHLms0PcFA6gcuazQ1WhZdCrO7wb60rPr8UdxMF19DEvngI8qlZCwsPIHOuq&_nc_ohc=10KGGR0OkvQQ7kNvwGynB1G&_nc_oc=AdqL_bS93WjO3FpmD7_z13NZKSzFV1OdziSW800KqXtxurmYbweA5inbzR4B7aGoJTg&_nc_zt=26&_nc_ht=scontent.fcgk43-1.fna&_nc_gid=eqOLmjEgdrODo5Iqn2SKew&_nc_ss=7b2a8&oh=00_Af5j6ZRc2C2f7BeKR4DFpMgrdICCFm7UHm542RAKokgjSw&oe=6A1A3505","https://www.facebook.com/TirtoID/posts/pfbid02eZCnsA6s7gXx8AZq9t7KLmiC8EMgXXg6zirheujS9oA4uNCjKPCzb21ZdzpJWXUul?comment_id=2071634000061896","0","0","0","05/25/2026 13:18:02"
"Y29tbWVudDoxNDUzODgyNjI2NzY4MTUzXzE1MzA3NzEzOTE3OTE0NDU=","100087954311913","https://scontent.fcgk43-1.fna.fbcdn.net/v/t39.30808-1/661520841_916817181260084_1354694908730061211_n.jpg?stp=cp0_dst-jpg_s32x32_tt6&_nc_cat=111&ccb=1-7&_nc_sid=e99d92&_nc_eui2=AeG4Y1EfPGGaIyXZUZQ-9Dy0iHtNmIwVp6qIe02YjBWnqmhHj5Qt6NJfqJKQjm6puX73gVXZc8dMhZlLzUUTLlu8&_nc_ohc=vHnBbAe3j7kQ7kNvwGkHFj9&_nc_oc=Adq5T7pIUMQoZU3tHQeAqoCVoXsoQ61YqbMIbNOz6THuJw8TN7Bhbw4KCTBhfr_zyzc&_nc_zt=24&_nc_ht=scontent.fcgk43-1.fna&_nc_gid=eqOLmjEgdrODo5Iqn2SKew&_nc_ss=7b2a8&oh=00_Af6WBBNR-YXvCrode2NYM1nV_00ZzbDw71EWNiQku2obCQ&oe=6A1A29C9","Hitria","Konoha darurat otak!!","https://www.facebook.com/TirtoID/posts/pfbid02eZCnsA6s7gXx8AZq9t7KLmiC8EMgXXg6zirheujS9oA4uNCjKPCzb21ZdzpJWXUul?comment_id=1530771391791445","1","0","0","05/25/2026 13:15:07"
"Y29tbWVudDoxNDUzODgyNjI2NzY4MTUzXzE1NDYyNzk1ODAxOTUzMjE=","61565363695991","https://scontent.fcgk43-1.fna.fbcdn.net/v/t39.30808-1/588950588_122196346316512123_4809441299187286684_n.jpg?stp=c207.0.830.830a_cp0_dst-jpg_s32x32_tt6&_nc_cat=110&ccb=1-7&_nc_sid=e99d92&_nc_eui2=AeE1knn_LVti4i1II0l_9lMOM0pMhonA5L8zSkyGicDkv2sX6rcnDzsvIjlQcGbAdemOTDD_6HmIKMQ-Yyq13DbS&_nc_ohc=nsUSXoMeQ8MQ7kNvwEs9cR-&_nc_oc=AdqAQiQfhh-Ah-oWBK8KLhzTWAV6FR7OAyhJqGv9OyUTQ9kTv_oIwflaKU3Aq5ksxWM&_nc_zt=24&_nc_ht=scontent.fcgk43-1.fna&_nc_gid=eqOLmjEgdrODo5Iqn2SKew&_nc_ss=7b2a8&oh=00_Af4QYZI5cnncHeYSePEOvw2wEKB8jdhmRnpkf_0vQLMinQ&oe=6A1A3E33","Iwan Sariwan","Percuma. PBB aja mereka tentang.","https://www.facebook.com/TirtoID/posts/pfbid02eZCnsA6s7gXx8AZq9t7KLmiC8EMgXXg6zirheujS9oA4uNCjKPCzb21ZdzpJWXUul?comment_id=1546279580195321","0","0","0","05/25/2026 12:30:16"
"Y29tbWVudDoxNDUzODgyNjI2NzY4MTUzXzEyOTk4NDAwMzgzNTY1NDk=","1451850770","https://scontent.fcgk43-1.fna.fbcdn.net/v/t39.30808-1/467111716_10226411808028815_7250383580374728315_n.jpg?stp=cp0_dst-jpg_s32x32_tt6&_nc_cat=106&ccb=1-7&_nc_sid=1d2534&_nc_eui2=AeHQ_2RbuT2a-90tM2iI7v5iBdP_bEchAosF0_9sRyECi8DWei0c5M3OAw0enR0K7MwWs6iu6aaBNzgWxcdyWFS4&_nc_ohc=6iRfkBXu7K4Q7kNvwEu_zgq&_nc_oc=AdqfLrM_G-pCq1P3nKPBcVNJR1uBR_HLwZqG-8hWQJrM_5VMWd3bXeNWA5BW7SEt3yM&_nc_zt=24&_nc_ht=scontent.fcgk43-1.fna&_nc_gid=ISxoS-PnvzbgfbJnEmM98g&_nc_ss=7b2a8&oh=00_Af4YqRFaw23NvJi_U-RWtsCaG_MbY_-yrLOZviJeJMbEmQ&oe=6A1A0C57","Tri Bayu","Langkah hukum apaan?
Gerombolan halu kalian itu.","https://www.facebook.com/TirtoID/posts/pfbid02eZCnsA6s7gXx8AZq9t7KLmiC8EMgXXg6zirheujS9oA4uNCjKPCzb21ZdzpJWXUul?comment_id=1299840038356549","2","0","0","05/25/2026 12:19:16"
"Y29tbWVudDoxNDUzODgyNjI2NzY4MTUzXzEzMDM0OTExNjc5NzkwNTc=","100014321497520","https://scontent.fcgk43-1.fna.fbcdn.net/v/t39.30808-1/527794298_2111796405974389_4804323611941369130_n.jpg?stp=cp0_dst-jpg_s32x32_tt6&_nc_cat=111&ccb=1-7&_nc_sid=e99d92&_nc_eui2=AeFFy2gUfllz3WbIdQMuuO54-lg8OZGhJR76WDw5kaElHqapCS3KzbsQKfcZERWiih_LFgbUnFmNMDgKo4cEXZ9q&_nc_ohc=yZ0Vv3nbeSYQ7kNvwF0WqAf&_nc_oc=Ado_UIDgSL99ExlVQlZHhMhnrWUS5wI4vwM5qWJa796-daVYFsR91aAZMVC27h4LbWQ&_nc_zt=24&_nc_ht=scontent.fcgk43-1.fna&_nc_gid=ISxoS-PnvzbgfbJnEmM98g&_nc_ss=7b2a8&oh=00_Af4EjNBYEDdzaNQFanNWuT2hFfyzn2yk3uB7PJ1zw5UDwQ&oe=6A1A1D02","Deret Ukur","Jgn lupa open BO.... Ehhh donasi 😁","https://www.facebook.com/TirtoID/posts/pfbid02eZCnsA6s7gXx8AZq9t7KLmiC8EMgXXg6zirheujS9oA4uNCjKPCzb21ZdzpJWXUul?comment_id=1303491167979057","0","0","0","05/25/2026 12:02:57"
"Y29tbWVudDoxNDUzODgyNjI2NzY4MTUzXzI1NjI0NDU4Mjc1NDQ2NTY=","100000579995232","https://scontent.fcgk43-1.fna.fbcdn.net/v/t39.30808-1/242706112_4974419009254050_5937322157903876922_n.jpg?stp=cp0_dst-jpg_s32x32_tt6&_nc_cat=109&ccb=1-7&_nc_sid=1d2534&_nc_eui2=AeFCsBU3RxYq3fbgxkk7S7SuPrYK7tkkdT4-tgru2SR1Pr8JNgN0YbhVdHpNcXJr5AdVEIFNbXaefcu8RfOXxxgq&_nc_ohc=cBRKh6UkgdYQ7kNvwF7Mo2V&_nc_oc=Adpj0rqD7YBimOdMdFeH6Rd528V7QnBTStDVNh-DPVmyXwOPpv7YGwyg7lTwG8DhD2s&_nc_zt=24&_nc_ht=scontent.fcgk43-1.fna&_nc_gid=ISxoS-PnvzbgfbJnEmM98g&_nc_ss=7b2a8&oh=00_Af4zdrmjJmDGcFf2AOqTGhZCHPfdUclj_1qeIrgRgfmNZg&oe=6A1A0804","Hanif Wong","Nyusain orang aja","https://www.facebook.com/TirtoID/posts/pfbid02eZCnsA6s7gXx8AZq9t7KLmiC8EMgXXg6zirheujS9oA4uNCjKPCzb21ZdzpJWXUul?comment_id=2562445827544656","0","0","0","05/25/2026 11:58:37"
"Y29tbWVudDoxNDUzODgyNjI2NzY4MTUzXzI3MTYzMDIyMDI2NjQzMTIy","100002534628145","https://scontent.fcgk43-1.fna.fbcdn.net/v/t39.30808-1/600254692_25414919394842532_2076791082128107276_n.jpg?stp=cp0_dst-jpg_s32x32_tt6&_nc_cat=102&ccb=1-7&_nc_sid=e99d92&_nc_eui2=AeHtUD16EeOjEZ2nawqWdZ8oKn2h9Tqtk30qfaH1Oq2TfSQKLaLCiMaL4HFhZTkH1aNIxjHHVn4Gm_oNJDAUULJZ&_nc_ohc=pFeWmp9Ak6sQ7kNvwFfRTxp&_nc_oc=AdrSe_lnFHYDCbJiLDwQCZxJyEiqzcyxgvyr6TPSfc5RoADr7iYCGNdbjOFJYVwIw2M&_nc_zt=24&_nc_ht=scontent.fcgk43-1.fna&_nc_gid=ISxoS-PnvzbgfbJnEmM98g&_nc_ss=7b2a8&oh=00_Af4BmXAqMON52S1_tZmYsWRnG3Zxk30Ajx00GK83VysL-g&oe=6A1A3246","Gustaf R L","D culik kokukus bgni

Bisa oetawa ketiwi
Mreka pikir mreka pahlawan 🤣🤣🤣🤣🤣","https://www.facebook.com/TirtoID/posts/pfbid02eZCnsA6s7gXx8AZq9t7KLmiC8EMgXXg6zirheujS9oA4uNCjKPCzb21ZdzpJWXUul?comment_id=27163022026643122","0","0","0","05/25/2026 11:16:17"
"Y29tbWVudDoxNDUzODgyNjI2NzY4MTUzXzIyOTEyNTc1NjgwNjg5OTU=","100054808184748","https://scontent.fcgk43-1.fna.fbcdn.net/v/t39.30808-1/465568559_1085446896625573_283455485860564413_n.jpg?stp=cp0_dst-jpg_s32x32_tt6&_nc_cat=107&ccb=1-7&_nc_sid=1d2534&_nc_eui2=AeHyk9aFS5u0S56ozcOuex551jmPNAf8L1fWOY80B_wvV473f58cttPSh2OEU-aYFCR5woyoFV3are5Ni_tGr3gJ&_nc_ohc=y96gFZUJpS8Q7kNvwFxxAFo&_nc_oc=AdpP7kxxKX_0O7OFGZW6EykfpTXwaRRYj5vAP5PLfEcbPliefvYCUZdQmbNOVlufxeE&_nc_zt=24&_nc_ht=scontent.fcgk43-1.fna&_nc_gid=ISxoS-PnvzbgfbJnEmM98g&_nc_ss=7b2a8&oh=00_Af48JdnK-4LK0OyKEbCeOdHALcg4CaFZ5LVzYWbXwyXYoQ&oe=6A1A0A91","Allan Bule","Banyakan menghayal ..ayo donasi nya buat melawan israel ..","https://www.facebook.com/TirtoID/posts/pfbid02eZCnsA6s7gXx8AZq9t7KLmiC8EMgXXg6zirheujS9oA4uNCjKPCzb21ZdzpJWXUul?comment_id=2291257568068995","0","0","0","05/25/2026 11:07:42"
"Y29tbWVudDoxNDUzODgyNjI2NzY4MTUzXzEzMDEwMjgzMzE1NzQ2MDU=","1697303555","https://scontent.fcgk43-1.fna.fbcdn.net/v/t39.30808-1/429580066_10211245491568563_5211129217400482508_n.jpg?stp=cp0_dst-jpg_s32x32_tt6&_nc_cat=100&ccb=1-7&_nc_sid=1d2534&_nc_eui2=AeGX3zpf2Yy_-8ZK0L4GPwZADAFaI_muLNkMAVoj-a4s2XA_0qCU6djSaV_QHcGp0aFkVwfJLefSB-BL4r9beREf&_nc_ohc=XvKzbTpL0W0Q7kNvwGI1nu4&_nc_oc=Ado_yga1MHMGBGr0C83kbiKJH8cipD11mg964vQ0qqhqhXMq9j5HNN_eLeFbzvXBNhc&_nc_zt=24&_nc_ht=scontent.fcgk43-1.fna&_nc_gid=ISxoS-PnvzbgfbJnEmM98g&_nc_ss=7b2a8&oh=00_Af5lgpXIHwrSGyRHImZz5qUT_K45D8IXP3B0aX4PuZJyPw&oe=6A1A0DB2","Dion Sahbrani Situmorang","Lakukan sekuat dan semampu kalian. 
Jgn libatkan PBB atau BoP gak mempan itu. 
Tapi coba libatkan Kejaksaan 😁

Kalian dibebaskan krn dianggap tidak bersenjata. Pulihkan sj dlu badan lalu datang lgi kesana dri jalur lain agar lancar.","https://www.facebook.com/TirtoID/posts/pfbid02eZCnsA6s7gXx8AZq9t7KLmiC8EMgXXg6zirheujS9oA4uNCjKPCzb21ZdzpJWXUul?comment_id=1301028331574605","0","0","0","05/25/2026 11:00:43"
"Y29tbWVudDoxNDUzODgyNjI2NzY4MTUzXzk5NDEzNTY2NjUwMTkzMA==","100055409681999","https://scontent.fcgk43-1.fna.fbcdn.net/v/t39.30808-1/457023124_1026211225902524_5009808784532306069_n.jpg?stp=cp0_dst-jpg_s32x32_tt6&_nc_cat=106&ccb=1-7&_nc_sid=e99d92&_nc_eui2=AeEvn3zmj0zdlSclgmO6lP-eiPQu7U05J72I9C7tTTknvRIP0bUGNYBDgHhb9iLhK560jpCm2OT0bMxmPACqdRzA&_nc_ohc=DLN1GLgbv-wQ7kNvwGEFl2S&_nc_oc=AdrFCQnwoO5vwmyK-nig44gQsz6kRHQgeeVkEHNPp0IkLJsDCjZ2nax9v5l1u8l5K-8&_nc_zt=24&_nc_ht=scontent.fcgk43-1.fna&_nc_gid=ISxoS-PnvzbgfbJnEmM98g&_nc_ss=7b2a8&oh=00_Af6A0xyWGGTpydFAyN3KvqcQ8ePPcFLobjy2B8BqGyWsVg&oe=6A1A1875","Joon Joon","Donasi kosong melongton","https://www.facebook.com/TirtoID/posts/pfbid02eZCnsA6s7gXx8AZq9t7KLmiC8EMgXXg6zirheujS9oA4uNCjKPCzb21ZdzpJWXUul?comment_id=994135666501930","0","0","0","05/25/2026 10:57:22"
"Y29tbWVudDoxNDUzODgyNjI2NzY4MTUzXzI0Njc4MTk3NTY5NzE5Njk=","1675006372","https://scontent.fcgk43-1.fna.fbcdn.net/v/t39.30808-1/273007062_10217516039967611_7462817131186369074_n.jpg?stp=cp0_dst-jpg_s32x32_tt6&_nc_cat=109&ccb=1-7&_nc_sid=1d2534&_nc_eui2=AeH8tblVZOK2yzUJd762q3PooMcLDNClSEGgxwsM0KVIQYsOyCoqN0rpPDvnrFJbHWJAdRcMARiMCxH9eyCAkSXa&_nc_ohc=EYN-DIyWe1sQ7kNvwGO9ilb&_nc_oc=AdpSURMpxT2YeWwuDewVUyNaGHHNdeFer6xQlIedAD4ZWOfxfD7L1xCmRSX6NdQcP3Y&_nc_zt=24&_nc_ht=scontent.fcgk43-1.fna&_nc_gid=ISxoS-PnvzbgfbJnEmM98g&_nc_ss=7b2a8&oh=00_Af6H1lcq_tlGdGv71QmpcfYY1ps5X000zl8g9Sbd40NF9g&oe=6A1A2AC9","Anastasia Anita Setyawati","Mereka terus up kasusnya krn ga nyangka Israel lgs bebaskan org2 ini. Padahal belum sempat kumpulkan donasi🤣

Israel kurang lama menahan mereka😅","https://www.facebook.com/TirtoID/posts/pfbid02eZCnsA6s7gXx8AZq9t7KLmiC8EMgXXg6zirheujS9oA4uNCjKPCzb21ZdzpJWXUul?comment_id=2467819756971969","1","0","0","05/25/2026 10:54:38"
"Y29tbWVudDoxNDUzODgyNjI2NzY4MTUzXzk1ODYwNjM5Njk5MjM1Mg==","100092730345879","https://scontent.fcgk43-1.fna.fbcdn.net/v/t39.30808-1/348470713_1189214571747807_4144760083077057010_n.jpg?stp=cp0_dst-jpg_s32x32_tt6&_nc_cat=110&ccb=1-7&_nc_sid=e99d92&_nc_eui2=AeHnswgnhTKArXOTMEElP82LU-uup67HCrpT666nrscKuhv83h2GTfyYwGuavX2Rz-CrwpTwVmXwWb7nQeLd2Q6r&_nc_ohc=bqUOpqEJP-sQ7kNvwEGh1EY&_nc_oc=Adqu2TV4_-bfd2ofV-8dh0UEW2ejyB9v1mMq0rnZqobSecbVNYPRNHDDN3ZRg_0olBQ&_nc_zt=24&_nc_ht=scontent.fcgk43-1.fna&_nc_gid=ISxoS-PnvzbgfbJnEmM98g&_nc_ss=7b2a8&oh=00_Af5e4F2PwGWjrR24IEQVWPQtOCJnR6UNt-LHtbpwiHAMZw&oe=6A1A12A5","Jamil Ridwan","Bravo 1srael! Terimakasih sdh membebaskan saudara2 kami yg bodoh ini, maafkanlah kebodohan mrk yg melanggar kedaulatan wilayahmu,  & maafkanlah jg politikus2 bodoh & media2 katro k0n0ha yg memusuhimu 🙏🏽 FREE 1SRAEL! ✊🏽🇮🇱","https://www.facebook.com/TirtoID/posts/pfbid02eZCnsA6s7gXx8AZq9t7KLmiC8EMgXXg6zirheujS9oA4uNCjKPCzb21ZdzpJWXUul?comment_id=958606396992352","0","0","0","05/25/2026 10:49:20"
"Y29tbWVudDoxNDUzODgyNjI2NzY4MTUzXzIzODkwNDY0NzE2MDQ1NzY=","61560714576083","https://scontent.fcgk43-1.fna.fbcdn.net/v/t39.30808-1/705052596_122216032922357152_6820557217596020676_n.jpg?stp=c0.0.750.750a_cp0_dst-jpg_s32x32_tt6&_nc_cat=102&ccb=1-7&_nc_sid=e99d92&_nc_eui2=AeH7jOabLbSyMTJk1JNH4HxkOvccVwxy2yE69xxXDHLbITD-2zDJdHVb285F-gaAgm4sMjADBw9TsHY1vH4eTOWp&_nc_ohc=mcFvRRvUQjgQ7kNvwGMq81K&_nc_oc=AdpOY-nMai2bvKCb6cPzmSA_hxwCkrU9ZQOwtB-PWnL0gg_sQ7Yto8HQ6kbYVOxF9Aw&_nc_zt=24&_nc_ht=scontent.fcgk43-1.fna&_nc_gid=ISxoS-PnvzbgfbJnEmM98g&_nc_ss=7b2a8&oh=00_Af6KZ4Q9RAIrR46gZI_TpLxbU46yTVK2zKVneMCJuNbfuw&oe=6A1A1B0A","Angga Tri Jaya","Donasi lagi dong agar bisa melawan Israel secara hukum 🤭🤣🤣🤣","https://www.facebook.com/TirtoID/posts/pfbid02eZCnsA6s7gXx8AZq9t7KLmiC8EMgXXg6zirheujS9oA4uNCjKPCzb21ZdzpJWXUul?comment_id=2389046471604576","0","0","0","05/25/2026 10:43:34"