"videoUrl","authorName","author/id","author/isCreator","author/isVerified","author/name","author/thumbnails/0/height","author/thumbnails/0/url","author/thumbnails/0/width","text","likes","timestamp"
,,"UCgnI4g2NinGoG3RB3vD0iFA","false","false","@LerryHidayat","88","https://yt3.ggpht.com/ytc/AIdro_kx1S6OCnuVxADs8_eeF8cmwtZB-2mv9KkoBLbifF3_VKFhmKemilEL1SeVcrFS-c7LGQ=s88-c-k-c0x00ffffff-no-rj","88","Mana orams yg tidak triak demo siap perang ....",,
,,"UCJX8ABrxD8HhQAcBG6t6lGg","false","false","@WibowoBudiL","88","https://yt3.ggpht.com/eyGouifgaal--xdVM1NYdnR6LHGhAqS_wB09gK3xSOXlwp5OFv1oQT1yYf1HQrgB9faoG1pE=s88-c-k-c0x00ffffff-no-rj","88","bantuan  hanya cm dage sm bongkrek jelas ditolak mad😂😂😂",,
,,"UCuuRjyDkXOEcx8XPKms-_5w","false","false","@kristiarisuryani8842","88","https://yt3.ggpht.com/ytc/AIdro_mGc5OSwq0RWWz9mXNxtewH9ljL1v-CUOxIuJLdP_Q=s88-c-k-c0x00ffffff-no-rj","88","MEREKA MELANGGAR WILALAYAH PERANG ISRAEL...
JADI DITANGKAP ..
UNTUNG GK KENA TEMBAK",,
,,"UCNmMdiMoafYqn3n1fDEsAuA","false","false","@cerita-menarik","88","https://yt3.ggpht.com/ytc/AIdro_k1ClcGWoojc1OqdMjY5kfFzVaVV4WaoGCuKKYH2fKYDpI=s88-c-k-c0x00ffffff-no-rj","88","Unt apa Prabowo bergabung dgn BOP klo tdk bisa apa2 unt INDONESIA🤔❤🇮🇩",,
,,"UCbO4oO8o2yflpcohP7AKBVg","false","false","@raharjokoerdisalam","88","https://yt3.ggpht.com/6fBdHccEyA_KppSuxAmLN5wVTawjx8bkFKRkOB0ZiRxHXYY1ZSdoXezVmWGr57GNhSrHTOhcTtw=s88-c-k-c0x00ffffff-no-rj","88","Gak lama juga dibebasin.., kan presidennya besti sama presiden Prabowo 😢",,
,,"UCcaKFIhaWIwnDPrWqzcLjZw","false","false","@RugunNa70","88","https://yt3.ggpht.com/ytc/AIdro_ktgf3psRkAgKqgtBrHqhFCpTwn8CtlBGMPzkRqQ28gVAm_OArHXAgXv_ztPUnBWg1sIA=s88-c-k-c0x00ffffff-no-rj","88","Mrk ditangkap bukan diculik. Yg suka nyulik tni. Ini resmi dia menangkap. Klu nyulik itu dilakukan diam2. Ini media israel sendiri umumkan. He he konoha2. Yg suka nyulik itu hamas",,
,,"UCgRihIaZnVFDISbbzK6CyQw","false","false","@Vebrii27","88","https://yt3.ggpht.com/1WJVZBPk8KDp2N67YSnqHvfPqHqF6TsHaToaYLbILKunKcGZ8Z5tjtG-YdnZ5kLl38Lqon-xWg=s88-c-k-c0x00ffffff-no-rj","88","Dunia mengecam tapi sy tdk",,
,,"UClJ1eu0UlBIoHMQ8azgtU3w","false","false","@EgiWaluyo-y9s","88","https://yt3.ggpht.com/ytc/AIdro_nX6uF4gU8Lo_Uy7QCzyRLukJBUW3LQtAg2LFIdS9uk3TzTi81ldpp-mp8bVl_n17DE1Q=s88-c-k-c0x00ffffff-no-rj","88","😂😂😂 masuk wilayah konflik pasti di anggap penyusup😂😂",,
,,"UCgRihIaZnVFDISbbzK6CyQw","false","false","@Vebrii27","88","https://yt3.ggpht.com/1WJVZBPk8KDp2N67YSnqHvfPqHqF6TsHaToaYLbILKunKcGZ8Z5tjtG-YdnZ5kLl38Lqon-xWg=s88-c-k-c0x00ffffff-no-rj","88","Israel tdk mau kecolongan lagi setiap org yg masuk daerah konflik harus di periksa dan di interogasi atau terafiliasi dg teroris apabila clear akan di bebaskan",,
,,"UCpWkctkp7x5clot3gcv93Vg","false","false","@sebatangpohon3609","88","https://yt3.ggpht.com/ytc/AIdro_lb-9ymAQQEJsl5rSucrmYWE12vQrLj-p9NkMmTo1DNL4o0eje5ZMg1sC07WiAJVniy3Q=s88-c-k-c0x00ffffff-no-rj","88","Ke 9 wni teroris itu dideportasi ISRAEL, tidak ada kontribusi turki.",,
,,"UCP3Jljqp0sKTD-l7B-rCccg","false","false","@Deus_benedicat","88","https://yt3.ggpht.com/xEdVbUBiSYVcq3WMa3emgw9YJkz9Usr8Op5uaxmiTO3HUyO72U18pOvwTszq6KFa2e_koU33=s88-c-k-c0x00ffffff-no-rj","88","Mengecam.....??? Sejak kapan dunia mengecam, jangan jadi provokator tv oon...salah mereka kok menyusup ke negara orang...kondisi konflik lagi...",,
,,"UCS4mv2bbkVzHjuH88CqV8Ow","false","false","@mujilanjilan8293","88","https://yt3.ggpht.com/ytc/AIdro_nZnBYdbbSKzxA_3dH2cbWAwmC84HZnbbEnElweAUs=s88-c-k-c0x00ffffff-no-rj","88","Datang sendiri resiko tanggung sendiri ya ....ngapain ngurusi negara lain di indonesia saja banyak yg susah",,
,,"UCkiVJ3tS20JlUlDklL2EmkQ","false","false","@MustafaKamal-r7x","88","https://yt3.ggpht.com/ytc/AIdro_kAvXwKhF9W-758960a9XjLrXxvSdrZkX4XZl0vZ0CotMcCwuJe0HKveyMX8NMWQ9UFfw=s88-c-k-c0x00ffffff-no-rj","88","Seharusnya bantuan lewat prosedur yg sdh ada jd biar tdk ada masalah",,
,,"UCQqvqg5bH_o3LylL7U-t2Pw","false","false","@sutrisna1266","88","https://yt3.ggpht.com/ytc/AIdro_kT64k4rg8us54JGPNfusGgnuSHZa0iZaRzPmxQj6Mb1Hw=s88-c-k-c0x00ffffff-no-rj","88","Allahu Akbar... Kuatkan hati sodara kami",,
,,"UCAMlv6Bq0jsEVLVeR9eh1Ww","false","false","@Bila_bel","88","https://yt3.ggpht.com/DRenMeNcl3usaZ2qICPSyPApVcEZz4-3S9Su3MKelv1DbDni6M9Rg7gVTYZrbcuQOWBCLkP_Or0=s88-c-k-c0x00ffffff-no-rj","88","Gimana nih pemimpinnya lambat amat gak punya empati, respon cepat doang...udah tau masyarakatnya di tangkap",,
,,"UCbP7kRqVJDx3xwRejQQSsnA","false","false","@VghRonny-p9o","88","https://yt3.ggpht.com/ytc/AIdro_kreQYoMDitOiUhlQuQH74x8mvPequKq2PmlGBX4V_wyc2XSilO-PC-h-9Bd0LaJiGN4A=s88-c-k-c0x00ffffff-no-rj","88","udh biarin aj biar kapok, brangkat sendiri pulang sendiri",,
,,"UC9_uPdeTXoDC6m3EtB3zhnQ","false","false","@sudirman5204","88","https://yt3.ggpht.com/ytc/AIdro_m8XKHqSWkWTWqWfEqmk_VKzILNNjD_Lzb82OiQOJGQrEQgbhrNF_TgQFrd7LuMlqJAqQ=s88-c-k-c0x00ffffff-no-rj","88","😂😂😂😂",,
,,"UC8wyskCGIXhjMCdK4ek_ABA","false","false","@sitirahmah3376","88","https://yt3.ggpht.com/ytc/AIdro_kSGfJDEc-ehaGCvwnyuNBr8kfhML-Yew76Nj8hUUSrrke4-fZIU5cLYjQMy1xZcxRHzA=s88-c-k-c0x00ffffff-no-rj","88","Semoga para jurnalis republika Alloh lindungi dan selamatkan dari kaum zionis Amiin..",,
,,"UCXiCcbrED8kiZ8Ld1AaW-gA","false","false","@BowoAbdullah-f6u","88","https://yt3.ggpht.com/ytc/AIdro_lotwq9kZ-zhxXUPYTHDURWd2bPVUP7N6Lmrz_CAiHeSQgwSE_79junSbEt4Q9YRbEFbA=s88-c-k-c0x00ffffff-no-rj","88","Bagaimana ni Reaksi Pejabat, Pemimpin Indonesia. Terhadap zionis negosida israel.",,
,,"UCkwRBmIk8XR4mj23Np6knHQ","false","false","@SintoBria","88","https://yt3.ggpht.com/ytc/AIdro_lqZZRWVeH6XqGcG2ZzeqBwu4JEmbDI7YNnRMhtqBHk1FvxA0I=s88-c-k-c0x00ffffff-no-rj","88","Itu aktifis ilegal yang masuk Israel tanpa izin maka di anggap teroris paham itu....",,
,,"UCHtyriOPAdKNCaN7wzDCSRw","false","false","@AgusWaluyo-o8d7g","88","https://yt3.ggpht.com/ytc/AIdro_nHNmhgK4mtwlkvbYzWQNsHe7dvV4nJKisK6SmVW8O7u9Pa8T0cWxyinae9f8_eisKzEw=s88-c-k-c0x00ffffff-no-rj","88","Mana berani...para pangkat Bintang itu...mereka sudah Hidup nyaman...pasti akan takut Terhadap siapa pun yg sama sama punya senjata dan punya potensi akan membahayakan nyawanya..",,
,,"UCg_L_diS-rTI6xQybPcfaHA","false","false","@PaulusCat","88","https://yt3.ggpht.com/ytc/AIdro_nd-vlBKVo5vb_gAzEJPPrEUmKAXLoruOBOoJd_R_KvGKjJu7amWAiwOcKi9RlsoFVuaw=s88-c-k-c0x00ffffff-no-rj","88","Pot9ng tangan mrk",,
,,"UCGWp8erhkMbLB8IYEjPuE-g","false","false","@tjiptadisetyokusumo7964","88","https://yt3.ggpht.com/ytc/AIdro_nnvapz-_JpWyyMzx7ZxhhHsWePETRT7qW4nQZFBh0=s88-c-k-c0x00ffffff-no-rj","88","Pekerjaan  Apapun  Punya  Resiko....
Pilih  Resiko yang  paling  Kecil
Sebelum  Berbuat Atau Memulai 
Pekerjaan  yang  akan kita  kerjakan...
Jangan  Memaksakan  orang lain
Untuk  memahami  kita...
Kitalah yang  harus  mengertiin dan menyesuaikan dengan suasana  diluar sana  
Biar  Aman...Slamet. 🎉🎉",,
,,"UCZUBJ9XH0b_4-srkUfCbQHg","false","false","@KhendingHutagalung","88","https://yt3.ggpht.com/ytc/AIdro_m4jJbEjL0SIaIOtfApQMcEAEbnC-hAy2naWEzpzZ-wcWvyVBEhmP2ZNn6PyBDPQpvKQA=s88-c-k-c0x00ffffff-no-rj","88","Jurnalis cari mati, sudah tahu Indonesia tidak di terima di situ",,
,,"UCpErbO0eqJ11AvxAEI7REyg","false","false","@mouzaalfatih4802","88","https://yt3.ggpht.com/ytc/AIdro_maFvjGfHiQ6xAV_LK4g9IQhf8G8teNHwpOkkSbbz4=s88-c-k-c0x00ffffff-no-rj","88","❤❤❤❤❤",,
,,"UCAAJ8c1XagUuAxhZTDAC5Vg","false","false","@KhairunnisaAzkasaniya","88","https://yt3.ggpht.com/ytc/AIdro_kvlWfpFiGDsOuWN8WC7fbTg_M3GnIyZoNdq97hjvUJDaKXfd4Br8mhKtbUbhXvgfORVQ=s88-c-k-c0x00ffffff-no-rj","88","sudah resiko masuk area konflik",,
,,"UCmowpos0ukkYlwmfvnT2j7Q","false","false","@Imaniman-eq6nm","88","https://yt3.ggpht.com/ytc/AIdro_nK8-2S8Mp_9iHgM6KD_W9H-WTUmsXZHxezS9hOvy8=s88-c-k-c0x00ffffff-no-rj","88","Molis wajib 300 km sekali cas dinamo minimal 6000 watt,pendingin dinamo, batre milik harga murah 10 juto wajib",,
,,"UCC90THCYMSHExjOpHzl_0lw","false","false","@Angga-gt3xh","88","https://yt3.ggpht.com/ytc/AIdro_nHNmhgK4mtwlkvbYzWQNsHe7dvV4nJKisK6SmVW8O7u9Pa8T0cWxyinae9f8_eisKzEw=s88-c-k-c0x00ffffff-no-rj","88","Tanpa izin pemerintah artinya ilegal 😂 memasuki wilayah terlarang artinya menyusup 😂 wajar kalau di tangkap !!! 😂",,
,,"UCVT85sU0EDOtxzwA9P48hVQ","false","false","@abrahamtidore5496","88","https://yt3.ggpht.com/ytc/AIdro_l7KMA2U6Jbi0Q1I7QM--IIAzFWbd_-smPfnGoQ0fcu-_w=s88-c-k-c0x00ffffff-no-rj","88","berarti jgn asal masuk di area konfilk pace",,
,,"UCZGyvsKq2FEg0lD-csV1uvw","false","false","@bahteratarigan6906","88","https://yt3.ggpht.com/ytc/AIdro_kxaPCV2L3fp3myoqjqCfBYo2tEnef6unhHc4tWv0_mFCU=s88-c-k-c0x00ffffff-no-rj","88","Sik kemanusiaan lu.. rasakan",,
,,"UCLTqwN6iYoWvn5yyU4Yh3Nw","false","false","@opikjelek2719","88","https://yt3.ggpht.com/ytc/AIdro_nt2oyYde-6nosceh6Bz_Di8W-sNOH6A4R-u83qg__sFIaHYw-rP5YpNX8o79X1We3LHg=s88-c-k-c0x00ffffff-no-rj","88","di culik apa di tangkap..?",,
,,"UCJMmXCasbOaHYuDjWe3EA0w","false","false","@FaizaSofyan-e8m","88","https://yt3.ggpht.com/ytc/AIdro_lRTWRoJ5Mm1J6dwSFwLZYO2tYqK3zKpN4VbdDGguTxhPP-sB_V7uVUqTAw-NzD5GCobQ=s88-c-k-c0x00ffffff-no-rj","88","Bantu wo, entekan temen si trump dan israel. Itu rakyatmu wo",,
,,"UCdQLjUYury0Aq843Of4jK6A","false","false","@hamitdoang3744","88","https://yt3.ggpht.com/ytc/AIdro_mg_qk25UpUUPhVPvFFz1FkTivULche5MvItdzRZ6uEAA=s88-c-k-c0x00ffffff-no-rj","88","Semoga diberi keselamatan dr penyekapan ini",,
,,"UCU28bT-JcaGah_jSLIJu3kg","false","false","@480prime4","88","https://yt3.ggpht.com/ytc/AIdro_lydX-DL98jfCrvWockQnsuiyk-BIz1Anv1PT2C6e8=s88-c-k-c0x00ffffff-no-rj","88","Pasti Dusta2 jurnalis.... 😂",,
,,"UCTER9vHXo554sP-NRMnrDDQ","false","false","@CikdinHamid","88","https://yt3.ggpht.com/ytc/AIdro_njv5bj96nXZPdVSGWFsAya7ecRhM4u_78FX5cOyq1Aefxs0LYhy-CVDYRCpSNnYeaQwA=s88-c-k-c0x00ffffff-no-rj","88","Israel sudah keterlaluan dunia harus bertindak tegas, israel. Menculik ambil harta orang palestina, Genosida anak ibu2",,
,,"UCVL0N0KyRnIYeWKZ3vwuPqw","false","false","@Mercy_C-class","88","https://yt3.ggpht.com/7GeiSWvAwQK2FFHFmUaX-ghCz_pwFLJ2CeSI2Lm8RvoJjmD_DG0aYNVGQmpplrrMcbri6qK_=s88-c-k-c0x00ffffff-no-rj","88","Pasukan dajjal dilawan... Mana sanggup lawan mereka, kecuali pasukan imam Mahdi, tapi kayanya banyak yg ngk percaya 😂😂😂",,
,,"UC7KEkW4DkJ26u71eVm_mDTg","false","false","@RumahHaimi","88","https://yt3.ggpht.com/ytc/AIdro_kMYxzuoALeklp701_RTTqcGyDmQBNx8RUq7hexDYiJAbjeefA32v6O8iwKUH_tJvomYg=s88-c-k-c0x00ffffff-no-rj","88","israel sama indo g ada hubungan diplomasi langsung + masa perang.. Dan ada to sekelompok org dengan pedenya masuk territory itu. pdhl tentara perdamaian indo aja digasak di daerah netral sama bangsa penjajah",,
,,"UCmowpos0ukkYlwmfvnT2j7Q","false","false","@Imaniman-eq6nm","88","https://yt3.ggpht.com/ytc/AIdro_nK8-2S8Mp_9iHgM6KD_W9H-WTUmsXZHxezS9hOvy8=s88-c-k-c0x00ffffff-no-rj","88","Israhel protes mbg kok begitu..",,
,,"UCLTqwN6iYoWvn5yyU4Yh3Nw","false","false","@opikjelek2719","88","https://yt3.ggpht.com/ytc/AIdro_nt2oyYde-6nosceh6Bz_Di8W-sNOH6A4R-u83qg__sFIaHYw-rP5YpNX8o79X1We3LHg=s88-c-k-c0x00ffffff-no-rj","88","udah tau sedang perang malah mau kesana, kocak😅",,
,,"UCkhgj6rBfwverrhF--DEiCw","false","false","@Kvnokey99","88","https://yt3.ggpht.com/9hNXXi_Q5Fl2b1ozeyktfFzfvg_11x5tuhVjCI29Ti8BR3zqicmfdvllqfXWUxL__jfBJtxH1z0=s88-c-k-c0x00ffffff-no-rj","88","Mampuss....😂😂😂😂",,
,,"UCyhCfHgALoBMQF1O2nVIJpQ","false","false","@leonardhutagaol922","88","https://yt3.ggpht.com/ytc/AIdro_leFFe8KMeL6dviJz4lflNtiouNm3lwAszN8UUFbfSwdMLOPurEgsecMSCzM5JDe-AUAA=s88-c-k-c0x00ffffff-no-rj","88","Diculik? Ah, lebay lu.",,
,,"UCDIWawuOMaPTDLayAvT_7zQ","false","false","@galihardharaja","88","https://yt3.ggpht.com/YRVBUMdNO37Udm5gWMYNzQhfbKLC7JMZT_Fm8CXOhf0U000m4gtGhG88uTjJC8r2CGZ3GjulBQ=s88-c-k-c0x00ffffff-no-rj","88","Ndak ada yg nyuruh mereka ke sono.. sudah tahu Israel tdk pandang bulu walaupun itu pers, akan tetap dihajar oleh mereka..",,
,,"UCsVB4QbrTurv9Xsv_iD1jEQ","false","false","@PUJAWALI_BALI","88","https://yt3.ggpht.com/iFv6gfXJqyVYMvGoJbsiaIn8RumiifkIZCyc03j9MP5Eh_-hwyZ4oM_-PlCj-UWW8otgFfTX1IU=s88-c-k-c0x00ffffff-no-rj","88","Lha..nyari mati. Ngpain pergi kedaerah konflik. Sudah tau Mossad dan IDF itu biadab, gak pandang bulu klo bantai org",,
,,"UCJ-tM_1NLHnLV8WIaJfMBmA","false","false","@michael2705simanjuntak","88","https://yt3.ggpht.com/ytc/AIdro_mc4Y9gQCEiemTFxftMBzkVs4f2dFVKIi2EzfEXVVougJ-byH1unVlcX4jadECPvzh2lg=s88-c-k-c0x00ffffff-no-rj","88","betul kah beritamu ini pak, hoax pula",,
,,"UCI_T8R5AxvvgJTO6ZWt9tYg","false","false","@cemalcemol","88","https://yt3.ggpht.com/ytc/AIdro_ktf9w-_Y-Ykk2WaCOrvRvto-DqwRfZrCwkWm-etOgO-lhcHcpTYkUtyPAuK6d42C4TAw=s88-c-k-c0x00ffffff-no-rj","88","Sebetulnya aneh banget,bilang diculik,tapi masih bisa buat video kayak gini,bikin propaganda  saja,harusnya kalau memasuki wilayah suatu negara ya tidak seenaknya",,
,,"UCX7h8nV3UT6xsh0yaO3DSUw","false","false","@ivankandella8103","88","https://yt3.ggpht.com/ytc/AIdro_lTRfiFPSakYg4RhJ0dUUDf5Fq4pnYA4PCRJF6rzkfguOz9=s88-c-k-c0x00ffffff-no-rj","88","Untung kapalnya tidak dirudal seperti Hamas",,
,,"UCwXDngU_jQ1ubINb1LNNm4w","false","false","@tommiharhutapea7937","88","https://yt3.ggpht.com/ytc/AIdro_mB0AEzuPBnHUnbJ05Kn6OFC0GWil99rk2mq0C8tMcOp8jSTPBxtIYFzdnOER1R9KYpvA=s88-c-k-c0x00ffffff-no-rj","88","Mana ada urus disini masih banyak pengangguran.
Banyak tetangga atau saudara lagi hidup susah 
Sorry..gak minat mending yang dekat dan depan mata saja.",,
,,"UC53R-mR5WmG_1sMjb9FJExg","false","false","@RUKUNGAWESENTOSO","88","https://yt3.ggpht.com/GerlEhBN9YjqbjT6akDaxcWwp2Kd5lChTo6QEYmjPOUm4QkRk7PG_7QV79_iJBtcQmpqF7c05A=s88-c-k-c0x00ffffff-no-rj","88","Bagus ditangkap..., ngapin klayapan ke negara orang yang sedang konplik.....",,
,,"UCt0k19_sZrFoIoMm7P0ckWw","false","false","@gagalm3f","88","https://yt3.ggpht.com/ytc/AIdro_nPwj0q1VHy1hUfYBo_7UXCY62L6t2c04mW5iTRSxRUchtXqPf1ay264TypekgYI4LUIg=s88-c-k-c0x00ffffff-no-rj","88","manusia2 cari muka bgtu langsung dibuang ke laut sj.di negri sndiri banyak yg melarat sok relawan ke negri org.matikan sj.",,
,,"UC7UNe1N5HRTyj8c1PdVBrDA","false","false","@thejoker49","88","https://yt3.ggpht.com/ytc/AIdro_mTM3I_J2ih6O_ventqDS1zxL7aVwUFw36WsAdUoadQlQ=s88-c-k-c0x00ffffff-no-rj","88","Ngapain juga org2 ini",,
,,"UCdnLz7nAlOqbZyWvvn25I1g","false","false","@djawadwipachannel5875","88","https://yt3.ggpht.com/S8jEFQcwazMY6Cbwe2SZmUxQBzJYXNdbGP0jm7aT3wygjD7fla5s20s5v9Cfun3UuisndIJYyA=s88-c-k-c0x00ffffff-no-rj","88","Lagian lg pd ngapain disana, kyk org2 yg kurang kerjaan aja 🙊🤣🤣🤣
Makanya fokus kerja, cari duit, ngapain repot2 dtg ke negara yg lg perang, kyk jagoan aja 🙉🙈
Dukung palestina bkn begitu caranya, msh bnyk cara lain.",,
,,"UCPJhZoGvd0g1q0VFcTYlifw","false","false","@elaeisguinensis3161","88","https://yt3.ggpht.com/fxJ106CGBiuKcRVM9cQwo7T507pY8TDh6lD4pQHF9Q_isRhQqAN48aXcJiqxo4Hqzp9BgRmTUA=s88-c-k-c0x00ffffff-no-rj","88","Diculik???? ha ha ha ha ha 
Siapa yang goblok...",,
,,"UCOeSvgUeXXjLEPMzIsKFyYg","false","false","@doraemon-ml7og","88","https://yt3.ggpht.com/ytc/AIdro_mbuKjqaDp0piKIeBhSqxIqAI7x5o5MZ_Mb-sSBfzC4a6U=s88-c-k-c0x00ffffff-no-rj","88","DATANG TAK DI UNDANG, SAAT BERHASIL JADI SOK HERO, SAAT GAGAL YA NARASI DI BANGUN LAH. APAKAH PALESTINA PEDULI DENGAN ANDA ?",,
,,"UCK0D1gpNF-cfbLWMp9mBCBA","false","false","@moshesiregar4139","88","https://yt3.ggpht.com/ytc/AIdro_mNkj4pW6jUvChG4gBzsrYlBtzdpsU-SuNMu6MPKVmDoCxY2_D05vAOfPJE2IATJUm0Sw=s88-c-k-c0x00ffffff-no-rj","88","Masuk zona perang,, yah beruntung klo bisa keluar dari zona perang itu masih hidup,,",,
,,"UCZQsIn1Atf3mKt0-mQDS5Zg","false","false","@studiobiangkala","88","https://yt3.ggpht.com/FgHEJe_6JiCK7KOt66ykqm-G2bRUZUmaoLgJV2ScYmOd-O6FwijozPTkdASyONqID4p7YlBZQPw=s88-c-k-c0x00ffffff-no-rj","88","diculik pa ditangkap...??",,
,,"UCXhKdkJurr9MBvCUwl2UTGQ","false","false","@kendykimbal7418","88","https://yt3.ggpht.com/ytc/AIdro_mecWnYm9YiZm0tb0Jd-a975_O3muvN6BBSaUFcDqU=s88-c-k-c0x00ffffff-no-rj","88","Maunya viral",,
,,"UCHqgsGmqSD7zCVC-MylUXsA","false","false","@louisemerlo","88","https://yt3.ggpht.com/EankUMUNFSWbRZu63C5BIs0thCf6aVqRjGrm6lf1eiIeyy3VljNmIMxfnJzW-czYSBG50C4mcA=s88-c-k-c0x00ffffff-no-rj","88","Waduh.. kebetulan Indonesia tdk ada hubungan diplomatik dengan Israel jadi yaa wasallam saja 🙏",,
,,"UCtvK4wy3crjkb13Owd5dK7Q","false","false","@LT.869","88","https://yt3.ggpht.com/tv0SSBE2jF-XYukt_k9ZQxrZUr8NCV-pNKlQ0oHDKTBUgnkwhhXBlYSH1dlDEcH0JprpkLbrE8I=s88-c-k-c0x00ffffff-no-rj","88","masuk untuk ngapain di medan konflik urusan negara org kok di campurin tu liat akibatnya tanggung sendiri😂😂😂",,
,,"UCYvpMqX144FfPDqCBZqy8UA","false","false","@AhmadBasuki-m1o1q","88","https://yt3.ggpht.com/ytc/AIdro_mIq3VHfPUrGhS9seKsJqeGzc2vC6doz0-nM2OENLkRxafGhMnaFzOjB0stCwcIPBngbw=s88-c-k-c0x00ffffff-no-rj","88","Masya ALLOH laquwata ila biLLAH 🤲🤲🤲💪💪💪👍👍👍",,
,,"UC3Hf-kRRwX3fShmgMjKmJVg","false","false","@edyjensenem5193","88","https://yt3.ggpht.com/ytc/AIdro_kJZjTdE9cKtD3niIQ_h5i0Day3VTecJTt6UVbyrzI=s88-c-k-c0x00ffffff-no-rj","88","SOKOR.....KOK MINTA BANTU PEMERINTAH😂😂😂😂",,
,,"UCXWbqEGysOTKrw-9FAv_0Sg","false","false","@loveYeshua-n7t","88","https://yt3.ggpht.com/iBkTwlPIeG4qA6z4-ThVtCTaJtzfQtYXtG_hn0c5sWVoR0lbgAooQYnxxaHLB9UUjgQaB1rQHfA=s88-c-k-c0x00ffffff-no-rj","88","Prihatin juga, tapi namanya usaha",,
,,"UCMCG7yWS56DpLeEvQkOZvXQ","false","false","@KusniYati-q8x","88","https://yt3.ggpht.com/ytc/AIdro_lWxs76FWK3zH4OnQKAfU05BzT8Ao-KUCqwhdh5X6s4POOHta4ToH0skn4tyf_yydneLw=s88-c-k-c0x00ffffff-no-rj","88","Hasbunallah wa nikmal wakil nikmal maula wa nikman nasir",,
,,"UCgPJM6UcmnwWCP3r0hebEGA","false","false","@runtuvaldy2970","88","https://yt3.ggpht.com/ytc/AIdro_mUHtdpu4XzzdxF2ymzSrvOvM9l8ZkWMxT3YZsPUIvCmZk=s88-c-k-c0x00ffffff-no-rj","88","Betah"" d sana yahh .😂",,
,,"UCDU6VtFOs5zQlQH2K9HvN2g","false","false","@Ciwie-f7m","88","https://yt3.ggpht.com/oLywDzBQnYpgZET30Xtjsm0O7qexDNwVO_ZU_EN62RQSXhCPruvf7Zc6_VquTlhfbcJbcpNu=s88-c-k-c0x00ffffff-no-rj","88","Judul menyesatkan...bukan di culik woiii..!!!...tapi ditangkap...itu daerah konflik ngapain kesana haah....!!!...",,
,,"UCUJX8o_5k5TnJn1QCT_4Gaw","false","false","@NununRohayati","88","https://yt3.ggpht.com/ytc/AIdro_nGeYh4-7xWgW6DckTvLxzkztWhki3wHKZvfiwhyygVMpsmB4doNmyVapsBxqo15mDYCQ=s88-c-k-c0x00ffffff-no-rj","88","Saya baca tapi pagi inì saya harus kerja..gak kerja gak makan",,
,,"UCGNUekw6j-VD6lDXRIGyS2Q","false","false","@Ucalucil1212","88","https://yt3.ggpht.com/jX0Q3Dz_4dtvQxBuYK_S34DBsPbZolXAVwpacXQ5fUxt9YloGg14iD-H0Ch3E-q-hXiFnEf5Ww=s88-c-k-c0x00ffffff-no-rj","88","Mas itu kameranya di zoom out lagi dong... shoot background sekelilingnya kayaknya itu di kamar nya bagus deh dekorasinya... mungkin lebih bagus dari pada kamar hotel bintang 2... Pake AC ga??? itu kayak bukan di culik trus dijebloskan, mungkin cuman diamankan... trus dikasih makan ga??? jangan bilang dikasih steak ama ayam lagi selama ditahan",,
,,"UC2S37_tPw5fZq6hqzor70Vw","false","false","@geng7166","88","https://yt3.ggpht.com/RSSShrGT1kfs4JsQuULt6uEG0kTe96hVO-zH4cQ2LNIfI54HO35rsOaHD2uBPjzLaqkf6NvC=s88-c-k-c0x00ffffff-no-rj","88","Sudah layak dan sepantas nya jika perlu cebur Khan ke lhautttt👍🏻👍🏻👍🏻👍🏻👍🏻👍🏻😂",,
,,"UCMOUbMryGWoye4GPglucYfA","false","false","@jemalemtaguntingsuka3998","88","https://yt3.ggpht.com/ytc/AIdro_k4A7UBRjpHJd5pTJDS10pQ0oY8zU9MMO0YeawXUA4=s88-c-k-c0x00ffffff-no-rj","88","Harusnya ditenggelamkan,",,
,,"UCbH15Zzst0EOPXfqVVsNpGQ","false","false","@henrirotnedypardede4016","88","https://yt3.ggpht.com/ytc/AIdro_kQ70SUYIPRdvMpmawwFhYbLew2HuwHEs1DL8JWRrE=s88-c-k-c0x00ffffff-no-rj","88","Artikulasinya mohon diperbaiki,, yang saya dengar di kucil bukan di culik.",,
,,"UCTIcqGJqHRMYFWuOF5Z9m-A","false","false","@SautSitumorang-nt2in","88","https://yt3.ggpht.com/ytc/AIdro_mGCcO77qRAILeeq23h9y6AoVb-S6jhNjs55xh4H1JqzRtYoueMFrSC8S9Y7lZhzF6Tww=s88-c-k-c0x00ffffff-no-rj","88","Saat berkumpul teman2 di warung nasi Tegal Bahari.
Mereka menyarankan :
Saat nanti kembali pulang ke Indonesia, .. silakan buka donasi bela Palestina. 
Kayak si Husen Gaza. Pasti .  Gampang dapat duit.
Nggak usah jadi wartawan lagi.
Begitu kata mereka.",,
,,"UCAm82dcmAO-JvIV6SrIjjsw","false","false","@bahaludino","88","https://yt3.ggpht.com/kHf2A0lowW3NLyFbpfF6cM8qSqwXTfnLj97MLMO2FHLWylJumjWzSp90v8mLCugA3nzgg0gEOA=s88-c-k-c0x00ffffff-no-rj","88","TNI harus bertindak",,
,,"UCsoUXbErGCAe5JHlKBx34zg","false","false","@achilles7808","88","https://yt3.ggpht.com/ytc/AIdro_nyJZKpD8RFXRVWvo_dDULCxJcc5r_h4U4Hs08LDyH0OMc=s88-c-k-c0x00ffffff-no-rj","88","slamat berjuang bro... tapi kamu bukan diculik bro, kamu ditahan ditahan aja bro... ente bandel sih, udah tau laut gaza diblokade, ente maksa masuk.....",,
,,"UCoWI2-YCdPwNPSd3VkpbK5A","false","false","@arapura12","88","https://yt3.ggpht.com/ytc/AIdro_lL65w7mwV3if_CAiM1nT4LPbbv9YwD_--xR53WYd3UwiXlfTpdyK9qdGD-xiBjBOHe2Q=s88-c-k-c0x00ffffff-no-rj","88","Rasaiin",,
,,"UCY3ISoQ6rsygOch6MUgkiYA","false","false","@karuniaPetrusgulo","88","https://yt3.ggpht.com/ytc/AIdro_n-6RW7yHnAVJghxO10WjUQZsKvMPGOD7WLkQp8UMcyRafOGcU9XC42RB35QvDCecSw1g=s88-c-k-c0x00ffffff-no-rj","88","Mantap israel saya sebagai warga negara konoha saya senang mendengar berita ini jatuhkan saja hukuman mati kepada warga konoha yang sudah tertangkap itu karna mereka yang sering bikin berita hoxs di negara konoha, warga negara konoha yang ada disana sudah di ikhlaskan pak presiden kami untuk menjatuhkan hukuman mati",,
,,"UC2YrE8HvXCmwrr6rBqOGeOA","false","false","@SugengPrayitno-k7m","88","https://yt3.ggpht.com/ytc/AIdro_kRdiwgGASa43GPYT-c3Z6MApteJOGOBXuLd7u6TpOt2CJm9iQ6p6u16RMmQYwe-Tke3g=s88-c-k-c0x00ffffff-no-rj","88","Paling mereka sudah tenggelam , sudah dimakan ikan hiu",,
,,"UC2ahvGBJP1vXcyrPQjNx7fA","false","false","@Haaaaaaaaahahahahaha","88","https://yt3.ggpht.com/ytc/AIdro_kDVWTVor4oDMnrA8JSn1QfWKy679_pAFdisj868GXmAFhdW5SbK7lG9s-tsd8cKauiOQ=s88-c-k-c0x00ffffff-no-rj","88","Yang komen bilang ( lagian ngapain kesana? datang sendiri giliran dibawa bilang diculik, harusnya ditenggelamkan, dll) konyol kalian ini, gak punya sisi kemanusiaan, itu perairan masuk wilayah Gaza Palestina bukan hak israel. Orang kayak kalian ini kalau Indonesia dijajah mungkin senang ya. prabowo senang melihat ini, Indonesia hilang harga diri dipimpin Prabowo! TNI empat orang gugur juga diam aja, sekarang 9 WNI diculik oleh israel prabowo bisa apa???????? Mungkin nanti merengek ke trump minta tolong, semakin dimanfaatkan oleh trump lihat aja!",,
,,"UC6OSMpruqVvLRg_MblERGvg","false","false","@rudolfiolobos-b7o","88","https://yt3.ggpht.com/ytc/AIdro_mFJtBwqtipbI8n9jD6eUj1kgb61C1LOvDNnMEGQK1tJkGVm5JMsves7uYeZFZLGyYHbg=s88-c-k-c0x00ffffff-no-rj","88","Wartawan IQ 78 🤣",,
,,"UClW35-xN_5NXOWwz50IzQ1A","false","false","@blackswanismyfav","88","https://yt3.ggpht.com/ytc/AIdro_lu2GvO15oLoFqtmkrWoInS2HA3EvUIuYaSEl5ezEb8Gvc30M1jhmQ3R_ZkJAHMGki_Pw=s88-c-k-c0x00ffffff-no-rj","88","Aku pgn tahu apa prabowo akan bertindak? 😂",,
,,"UCJRKbjVcAXLURLwakQTcIug","false","false","@MahaAnim","88","https://yt3.ggpht.com/ytc/AIdro_lPAu5LcUW1h_9K92DDPIFAt7oKeKn1gaScOAfzdeLy0FyHMrhcwYmEo-u21qNz3kJRkA=s88-c-k-c0x00ffffff-no-rj","88","Israel sedang menguji Indonesia..
Negara nya peduli gak sama rakyat nya..",,
,,"UCJFlnqFhwD2E2D6te0nGoEg","false","false","@dayakwaweysampit","88","https://yt3.ggpht.com/ytc/AIdro_nPJ4joKBNG1QXoFUaaTix47BBZ4PIGkUGACXcHu1D3JB7O_rQyCsb15fk7nwY3T_gC1A=s88-c-k-c0x00ffffff-no-rj","88","Gak belajar dari WANDA HAMIDAH dan HUSIEN😂",,
,,"UCNmMdiMoafYqn3n1fDEsAuA","false","false","@cerita-menarik","88","https://yt3.ggpht.com/ytc/AIdro_k1ClcGWoojc1OqdMjY5kfFzVaVV4WaoGCuKKYH2fKYDpI=s88-c-k-c0x00ffffff-no-rj","88","Prabowo masuk BOP apa gunanya..? Israel tdk menghargai sama skli Indonesia❤️🇮🇩",,
,,"UCU-g1uEjmRDOeetKPTO0KAQ","false","false","@Blackhunter0-f9e","88","https://yt3.ggpht.com/ytc/AIdro_k72kUK-NdEdKfvEjJEUjhKu5jOpxP8mcXuVAfdnchHTvhLLwVeyihENTDtYpKNM5EVmA=s88-c-k-c0x00ffffff-no-rj","88","😂 itu bukan di culik namanya ? Masuk ke zona perang.. utk ngemis ngemis minta di culik... lawak 🤣🤣🤣🤣🤣🤣🤣",,
,,"UCKsE0nvIJmgZaVGEpVoDPUA","false","false","@zhenren6032","88","https://yt3.ggpht.com/ytc/AIdro_kVdpO8ivPdZZAErstqtg2TpFkq5Hop6AkCf9nePX87tg=s88-c-k-c0x00ffffff-no-rj","88","jujur ajj yah, gua benci sih sama sirewel, karena suka memutar balikkan fakta, tapi kita harus bisa hadapi realita. sekarang rupiah sudah 17k lebih wooooy, bukannya sih gak mau menolong, tapi rakyat kita sendiri masih banyak yang susah boss ! ada uang mendingan senangin dulu rakyat sendiri. ingat antara saudara dan tetangga, maka harus di dahulukan terlebih dahulu tetangga, karena dia yang terdekat. kalau indonesia sudah bisa kek qatar, di mana pajak mobil dan motor ajj gak ada, dan pendapatan gede, dengan harga barang yang murah, nah barulah tolong orang yang jauh.

jujur ajj gua dah muak, ketika sirewel melakukan kejahatan, dunia cuma bisa ""mengecam"" terus kecaman bisa apa, sekarang gua mau ""mengecam"" seluruh dunia, apa yang terjadi ? kalian baik baik saja kan ?? yah itulah yang di rasakan sirewel ketika dunia mengecam, BOMAT doooong. cuma kecaman, kecuali yang lo sampaikan itu NUKLIR, baru tuh ada efeknya.  dasar pada PE'A !",,
,,"UCqA5jFXKHnOJMRWMNXgJMPA","false","false","@GitaNelwan","88","https://yt3.ggpht.com/ytc/AIdro_lTjWu-3Nr3rnVWW3pjtTt92B02C81EFsYtH532LAAnVfdL_xLvCVos3GLgui6Fba6opw=s88-c-k-c0x00ffffff-no-rj","88","Tidak perlu minta tolong, pasti dideportasi karena itu bukan penculikan tapi penangkapan, mau masuk tanpa ijin. Sebelumnya Greta dkk di deportasi, ini pasti begitu juga. Dan mereka sudah tahu juga sebelum berangkat bahwa pasti ditangkap, yaa ditangkaplah 😅",,
,,"UCqk-T_lqVWgksv3XgOvW-bQ","false","false","@dcw2212","88","https://yt3.ggpht.com/jDy-dRW75QQYMw6-hWeovHR6iDnpZa_VBLR4DDLC9r9kK6uzAAJWrS9GSebmxBDiPaXTqsOp=s88-c-k-c0x00ffffff-no-rj","88","BTW,  KATANYA JURNALIS REPUBLIKA INI DICULIK, TAPI KOQ ADA DIHOTEL JA..JA..JA...LIHAT DIBELAKANGNYA ADA GORDENG HOTEL... 🤥🤔",,
,,"UCItk7dLnM38vOAXIf1dGb6Q","false","false","@astriantolilik8158","88","https://yt3.ggpht.com/ytc/AIdro_mg-3LSQTcv63c8aJEw_a0sGVyP3KPdtuarg8HsEIc=s88-c-k-c0x00ffffff-no-rj","88","Khusus journalis dr Indonesia yg bikin berita hoax tenggelamkan saja...jangan kasih ampun",,
,,"UCTOyL9R6zXhIA2659lZnEGw","false","false","@Devsmusik","88","https://yt3.ggpht.com/EqZjY9zJnguJJjYlGnyN1-S7GFU6XFYodw3BiaNzTjw4QwxoPtY9ukNZ6ztZ3VXk9yoKKXvnXA=s88-c-k-c0x00ffffff-no-rj","88","Ini komentar orang"" bot pendukung Israel 😂",,
,,"UCOY5uNhEmkvK48b3FrK2FuQ","false","false","@jsroom2593","88","https://yt3.ggpht.com/CSyZX_WjaJvH3GsB5DrugMlDZMD6nEja5KFRR7qcSmwjHmOmlKqURwjPlWwYlomil83T8-qn=s88-c-k-c0x00ffffff-no-rj","88","Narasinya yg benar dong,,,,,ditahan itu yg benar......jgn oon ya",,
,,"UCXt3zK0eD09ax2GQdeHZFNg","false","false","@roymartyn1192","88","https://yt3.ggpht.com/ytc/AIdro_mHPoL9jjqUht_xyVnj8ULLpy4jSnyCqyJTLzkHKbca7hguTFKyBj-NIKU3jfxRWApPNw=s88-c-k-c0x00ffffff-no-rj","88","itu di culik apa ditangkap mas????",,
,,"UC2VzVV1WqbEaYSFdTsEWeqA","false","false","@jtssibarani8127","88","https://yt3.ggpht.com/WQzLkCG6e9ANRjdnaidtLh66tt1qYvdS5YlJoiECAUE2aVFp2JcsufjLEKchCuCHzbB2r6-DRA=s88-c-k-c0x00ffffff-no-rj","88","Saya dukung bantu rakyat palestina soalnya saudara seiman, kalau rakyat indo yang juga kelaparan gak perlu diperhatikan, nolong bangsa arab akan masuk surga, kalau nolong bangsa sendiri gigit jari, hidup palestina, sekali palestina tetap palestina, rakyat sendiri bodo amat..!!!😭😭😭😭😭😭😭 kasihan kau rakyat indo, merdeka berjuang sendiri, sudah merdeka tidak diperhatikan malah memperhatikan orang lain…..",,
,,"UCV5yL01zvxUAgvsr_7Lfe4w","false","false","@mrpeaceworld","88","https://yt3.ggpht.com/4NCenWHL-tyb7_Q3bQ8oDFe1hZgW4JW2ck7M73Q3dnoH_1R4SDwptLKP0uUHNFRKkUUHOBsPnQ=s88-c-k-c0x00ffffff-no-rj","88","Bro kok d culik tirainya latar belakang mewah mirip hotel.setau gw zionist ga kasih fasiltaa tempat dah mau juga d kasih di gorong²...mdhn selamat ya bro 😂😂😂

❤❤❤️ Palestina",,
,,"UCqxdRtVWGlyTD2CjtzHHgJw","false","false","@NoLimiT-KK","88","https://yt3.ggpht.com/ytc/AIdro_kVrDUhBwT9mRE2gmGtChvxhznEB5UPX2XPBtWPAOOek_gveCxp4-WhcCMLH1t7oFAkEQ=s88-c-k-c0x00ffffff-no-rj","88","Konoha ga ada hub diplomatik dgn Israel..gimana mau bebasin ? sumud flotilla bukan misi kemanusiaan tapi misi penipu donasi...tidak ada bantuan kemanusiaan yg dibawa, malah ditemukan narkotik dan kondom...kapal ditangkap karena masuk zona blokade, tapi narasinya diculik, memang kadrun sebaik baiknya penipu..🤮🤮",,
,,"UCgbaxfya4bUM7DXy6sopUWQ","false","false","@Yonathan-s6c","88","https://yt3.ggpht.com/HgJn5JW81MjemTtLKz6abpDv_tL6P27FfrOSXsl1mU_f84zMfQtSYkk-q2oOWYN5xzuQ0voe=s88-c-k-c0x00ffffff-no-rj","88","Alhamdulillah ya robb 🎉🎉🎉😂😂😂😂😂😂😂😂😂😂😂😂😂😂😂😂😂😂😂😂😂😂😂😂😂😂😂😂😂😂😂😂😂😂

Bravo Yahudi ❤🇮🇱🇮🇱🇮🇱❤",,
